Workbook

Sheet ThamSo
A1: Tham so tinh diem — SUA O CELL VANG, cac sheet khac tu tinh lai
A2: Trong so moi reply (W_REPLY) | B2: 1
A3: Trong so moi luot Ung (W_UNG) | B3: 2
A4: Do giam theo tuoi (GRAVITY, <1) | B4: 0.8
A5: Bu tuoi tinh theo gio (AGE_OFFSET_H) | B5: 6
A7: Diem goc = replies * W_REPLY + tong_Ung * W_UNG
A8: Hot score = Diem goc / (tuoi_thread_gio + AGE_OFFSET_H) ^ GRAVITY
A9: Nguon du lieu = https://voz.vn/f/diem-bao.33/ (page 1, da bo thread ghim)
A10: Thoi diem quet= 2026-10-22 15:02:59 +07
A11: Luu y: 'Ung' la reaction duy nhat cua voz (reaction id 1).
A12: Ban quyen: noi dung chi dung lam tu lieu tham khao/y tuong. Khong copy nguyen van comment cua nguoi khac len Threads.

Sheet Tong quan
A1: Hang | B1: Tieu de | C1: Link thread | D1: Link bai bao | E1: Nguon | F1: Replies | G1: Tong Ung | H1: Tuoi thread (gio) | I1: Diem goc | J1: Hot score | K1: So comment top | L1: Nguoi dang | M1: Thoi gian dang | N1: Trang da quet | O1: Trang thai | P1: Trich bai bao (post #1) | Q1: Loi
A2: =RANK(J2,$J$2:$J$21) | B2: Đề xuất người dưới 18 tuổi được hiến tạng khi có nguyện vọng và được đồng ý | C2: https://voz.vn/t/de-xuat-nguoi-duoi-18-tuoi-duoc-hien-tang-khi-co-nguyen-vong-va-duoc-dong-y.1290864/ | D2: https://tuoitre.vn/de-xuat-nguoi-duoi-18-tuoi-duoc-hien-tang-khi-co-nguyen-vong-va-duoc-dong-y-100261021092718637.htm | E2: tuoitre.vn | F2: 383 | G2: 620 | H2: 9.44 | I2: =F2*ThamSo!$B$2+G2*ThamSo!$B$3 | J2: =IFERROR(I2/POWER(H2+ThamSo!$B$5,ThamSo!$B$4),0) | K2: 20 | L2: m0use00 | M2: 2026-10-22 05:36 | N2: 20 | O2: ok | P2: ... Mở rộng phạm vi đối tượng hiến tạng, thêm hành vi bị nghiêm cấm Dự luật hoàn thiện nguyên tắc và hành vi bị nghiêm cấm khi bổ sung nguyên tắc về việc bảo đảm các yếu tố không bị cưỡng ép, bảo đảm lợi ích tốt nhất đối với trẻ em và người không có năng lực hành vi dân sự đầy đủ. Trong 8 hành vi bị nghiêm cấm, đáng chú ý là quy định cấm lợi dụng quan hệ giám hộ, chăm sóc thay thế, nuôi con nuôi để hiến, lấy mô, bộ phận cơ thể của người dưới 18 tuổi trái quy định; lấy bộ phận cơ thể ở người sống từ đủ 18 tuổi đến dưới 25 tuổi để ghép cho người không phải là thành viên gia đình. Trong các nội dung bổ sung, dự luật mở rộng nguồn hiến tạng gắn với kiểm soát chặt chẽ điều kiện người hiến. Đó là việc lấy mô, bộ phận cơ thể người sau khi chết đối với người đã được xác định là chết tuần hoàn. Người dưới 18 tuổi được đăng ký hiến và được hiến bộ phận cơ thể sau khi chết não, chết tuần hoàn với điều kiện là đã đăng ký hiến, có nguyện vọng trước khi chết và được người đại diện đồng ý. Dự thảo bổ sung các quy định cho phép người vợ được nhận tinh trùng của người chồng đã chết, chết não, chết tuần hoàn hoặc phôi của chính hai vợ chồng để sinh con; lấy tinh trùng, noãn, mô tinh hoàn, mô buồng trứng của người dưới 18 tuổi để bảo tồn khả năng sinh sản. Để ngăn chặn các hành vi trục lợi, dự thảo quy định người hiến bộ phận cơ thể khi còn sống cho người không phải thành viên trong gia đình phải từ đủ 25 tuổi trở lên; bổ sung quy định xác minh nhân thân, mối quan hệ giữa người hiến và người được ghép; bảo đảm tính độc lập trong đánh giá điều kiện hiến và tư vấn lấy, ghép, đặc biệt là đối với người dưới 18 tuổi. Đánh giá kỹ tác động, nguy cơ bị lợi dụng Trong báo cáo thẩm tra, Chủ nhiệm Ủy ban Văn hóa và Xã hội Nguyễn Đắc Vinh nêu một chính sách mới được quan tâm, đó là quy định người dưới 18 tuổi hiến mô, bộ phận cơ thể người, hiến xác. Quy định này nhằm tạo thêm cơ hội cứu chữa cho người bệnh, nhất là đối với bệnh nhi cần mô, bộ phận cơ thể có kích thước, đặc điểm giải phẫu phù hợp, đồng thời tôn trọng nguyện vọng hiến tặng của người dưới 18 tuổi và gia đình. Ủy ban ghi nhận mục đích nhân văn, nhân đạo của chính sách, song cho rằng người dưới 18 tuổi, nhất là trẻ em, là chủ thể được bảo vệ đặc biệt, do đó đề nghị tiếp tục đánh giá tác động kỹ lưỡng hệ lụy về tâm lý, đạo đức, xã hội. Đặc biệt là những nguy cơ lợi dụng quan hệ phụ thuộc để tạo áp lực, cưỡng ép lấy mô, bộ phận cơ thể, trên cơ sở đó tiếp tục nghiên cứu các quy định chặt chẽ để bảo đảm ý nghĩa tốt đẹp của chính sách. Cùng đó, dù tán thành quy định về hiến, lấy, ghép mô, bộ phận cơ thể ở người, nhưng Ủy ban đề nghị Chính phủ quy định thống nhất về nguyện vọng hiến trước khi chết là căn cứ hiến mô, bộ phận cơ thể người sau khi chết não, chết tuần hoàn. ... https://tuoitre.vn/de-xuat-nguoi-duoi-18-tuoi-duoc-hien-tang-khi-co-nguyen-vong-va-duoc-dong-y-100261021092718637.htm
A3: =RANK(J3,$J$2:$J$21) | B3: 'Kiến trúc sư' của web Xôi Lạc TV chính là bình luận viên Batman | C3: https://voz.vn/t/kien-truc-su-cua-web-xoi-lac-tv-chinh-la-binh-luan-vien-batman.1290868/ | D3: https://tienphong.vn/kien-truc-su-cua-web-xoi-lac-tv-chinh-la-binh-luan-vien-batman-post1887252.tpo | E3: tienphong.vn | F3: 212 | G3: 234 | H3: 8 | I3: =F3*ThamSo!$B$2+G3*ThamSo!$B$3 | J3: =IFERROR(I3/POWER(H3+ThamSo!$B$5,ThamSo!$B$4),0) | K3: 20 | L3: Người Thỏ | M3: 2026-10-22 07:03 | N3: 11 | O3: ok | P3: TPO - Quá trình điều tra làm rõ, bị can Nguyễn Công Định, người lập trình website Xôi Lạc TV, chuyên phát lậu các trận bóng đá, cũng chính là bình luận viên Batman của kênh này. Từ người lập trình đến bình luận viên Batman Nguyễn Công Định (biệt danh bình luận viên Batman). Viện KSND tỉnh Hưng Yên vừa ban hành cáo trạng truy tố 74 bị can trong vụ án liên quan hệ thống phát trực tiếp các trận đấu thể thao trái phép Xôi Lạc TV và các website liên quan. Trong số này, Nguyễn Công Định (biệt danh bình luận viên Batman), Phạm Nguyễn Dũng, Lương Tuấn Giang cùng 53 bị can khác bị truy tố về hai tội “Xâm phạm quyền tác giả, quyền liên quan” và “Tổ chức đánh bạc”. Ngoài ra, 17 bị can bị truy tố về tội “Tổ chức đánh bạc”; một bị can khác bị truy tố về ba tội danh, gồm “Xâm phạm quyền tác giả, quyền liên quan”, “Tổ chức đánh bạc” và “Truyền bá văn hóa phẩm đồi trụy”. Theo cáo trạng, đầu năm 2018, Nguyễn Công Định bắt đầu lập trình website Xôi Lạc TV, chuyên phát trực tiếp và bình luận các trận bóng đá được nhiều người quan tâm. Thời gian đầu, trang web hoạt động với quy mô nhỏ, lượng người theo dõi còn hạn chế. Nhận thấy tiềm năng của mô hình này, Phạm Nguyễn Dũng quyết định đầu tư để Định phát triển hệ thống website xem và bình luận bóng đá. Theo nội dung cáo trạng, Dũng chịu toàn bộ chi phí ban đầu, bao gồm đầu tư máy móc, máy chủ, cơ sở dữ liệu, trả lương nhân viên và thuê văn phòng. Định đóng góp chuyên môn, tập trung phát triển dự án; lợi nhuận dự kiến được hai bên chia đều, mỗi người hưởng 50%. Khi tham gia bình luận các trận đấu, Định sử dụng biệt danh Batman. Cái tên này dần trở nên quen thuộc với một bộ phận người xem bóng đá trực tuyến trên Xôi Lạc TV. Theo sự sắp xếp của Dũng, bộ phận phát triển hệ thống website xem và bình luận bóng đá được gọi là SBG, sau này còn được biết đến với tên dự án 90 Phút, hoạt động trong Công ty Heligate. https://tienphong.vn/kien-truc-su-cua-web-xoi-lac-tv-chinh-la-binh-luan-vien-batman-post1887252.tpo
A4: =RANK(J4,$J$2:$J$21) | B4: Tuấn Hưng: "Nếu không thích Tuấn Hưng, xin hãy phê bình Tuấn Hưng" | C4: https://voz.vn/t/tuan-hung-neu-khong-thich-tuan-hung-xin-hay-phe-binh-tuan-hung.1290986/ | D4: https://phunumoi.net.vn/tuan-hung-neu-khong-thich-tuan-hung-xin-hay-phe-binh-tuan-hung-d381885.html | E4: phunumoi.net.vn | F4: 128 | G4: 97 | H4: 1.98 | I4: =F4*ThamSo!$B$2+G4*ThamSo!$B$3 | J4: =IFERROR(I4/POWER(H4+ThamSo!$B$5,ThamSo!$B$4),0) | K4: 20 | L4: Lanh.Chanh | M4: 2026-10-22 13:04 | N4: 7 | O4: ok | P4: "Nếu không thích Tuấn Hưng, xin hãy phê bình Tuấn Hưng. Đừng vì sự không yêu mến một người mà xem nhẹ công sức của cả một cộng đoàn", Tuấn Hưng chia sẻ. Ngày 27/9, ca sĩ Tuấn Hưng tham gia biểu diễn tại một đêm nhạc thiện nguyện ở Nashville (Mỹ). Sau đó, các clip ghi lại màn trình diễn của nam ca sĩ tại đêm nhạc này được chia sẻ nhiều trên mạng xã hội với nhiều bình luận trái chiều. Mới đây, Tuấn Hưng đã lên tiếng trên trang cá nhân bày tỏ sự buồn bã khi đêm nhạc bị ví von với “tiệc thôi nôi, đám ma, đám giỗ…” trong những nội dung bình phẩm về anh. Trong bài viết, nam ca sĩ cho biết anh đã suy nghĩ rất nhiều trước khi quyết định chia sẻ cảm xúc. Tuấn Hưng nhấn mạnh, phía sau đêm nhạc là công sức của ban tổ chức, những người làm thiện nguyện và nhiều người đã dành thời gian, tiền bạc để góp sức xây dựng. Anh cho rằng bản thân chỉ là người góp tiếng hát còn những đóng góp của cộng đồng xứng đáng được nhìn nhận bằng sự tôn trọng. "Nếu không thích Tuấn Hưng, xin hãy phê bình Tuấn Hưng. Đừng vì sự không yêu mến một người mà xem nhẹ công sức của cả một cộng đoàn", nam ca sĩ viết. https://phunumoi.net.vn/tuan-hung-neu-khong-thich-tuan-hung-xin-hay-phe-binh-tuan-hung-d381885.html
A5: =RANK(J5,$J$2:$J$21) | B5: Bắt khẩn cấp nam sinh cấp 3 đấm cô giáo trên bục giảng ở Hà Nội | C5: https://voz.vn/t/bat-khan-cap-nam-sinh-cap-3-dam-co-giao-tren-buc-giang-o-ha-noi.1290619/ | D5: https://dantri.com.vn/phap-luat/bat-khan-cap-nam-sinh-cap-3-dam-co-giao-tren-buc-giang-o-ha-noi-20261021101714519.htm | E5: dantri.com.vn | F5: 306 | G5: 335 | H5: 28.17 | I5: =F5*ThamSo!$B$2+G5*ThamSo!$B$3 | J5: =IFERROR(I5/POWER(H5+ThamSo!$B$5,ThamSo!$B$4),0) | K5: 20 | L5: x-hamster | M5: 2026-10-21 10:52 | N5: 16 | O5: ok | P5: Dân trí) - Nam sinh Trường THPT Mạc Đĩnh Chi (Hà Nội) bị bắt khẩn cấp sau khi đấm cô giáo trong tiết toán. Vụ việc được lan truyền tối 20/10.​ Liên quan vụ nam sinh đấm cô giáo tại Trường THPT Mạc Đĩnh Chi, xã Nội Bài, Hà Nội, sáng 21/10, một lãnh đạo Công an TP Hà Nội xác nhận cơ quan công an đã bắt khẩn cấp nam sinh này. https://dantri.com.vn/phap-luat/bat-khan-cap-nam-sinh-cap-3-dam-co-giao-tren-buc-giang-o-ha-noi-20261021101714519.htm
A6: =RANK(J6,$J$2:$J$21) | B6: Xe taxi quyết không nhường đường ô tô đi ngược chiều, dẫn đến tai nạn đối đầu | C6: https://voz.vn/t/xe-taxi-quyet-khong-nhuong-duong-o-to-di-nguoc-chieu-dan-den-tai-nan-doi-dau.1290820/ | D6: https://thanhnien.vn/xe-taxi-quyet-khong-nhuong-duong-o-to-di-nguoc-chieu-dan-den-tai-nan-doi-dau-185261021112140398.htm | E6: thanhnien.vn | F6: 297 | G6: 158 | H6: 18.11 | I6: =F6*ThamSo!$B$2+G6*ThamSo!$B$3 | J6: =IFERROR(I6/POWER(H6+ThamSo!$B$5,ThamSo!$B$4),0) | K6: 20 | L6: ChatGPT AI | M6: 2026-10-21 20:56 | N6: 15 | O6: ok | P6: https://thanhnien.vn/xe-taxi-quyet-khong-nhuong-duong-o-to-di-nguoc-chieu-dan-den-tai-nan-doi-dau-185261021112140398.htm Không rõ do tài xế không kịp quan sát hay cố tình không nhường đường, chiếc xe taxi đã lao thẳng vào ô tô con chạy ngược chiều dẫn đến tai nạn. Tình huống giao thông nguy hiểm được xác định xảy ra vào khoảng 7 giờ 40 phút sáng 17.10.2026 trên đường dẫn vào cửa khẩu Bắc Luân 2, thuộc địa bàn phường Móng Cái 1, tỉnh Quảng Ninh. Theo hình ảnh trích xuất từ camera hành trình gắn trên ô tô cùng lưu thông, thời điểm nói trên, một xe taxi màu xanh dương đang di chuyển trên đường dẫn vào cửa khẩu Bắc Luân 2. Lúc này, phía trước bất ngờ xuất hiện một ô tô con khác màu trắng đang bất chấp luật chạy ngược chiều. Đáng nói, không rõ do tài xế xe taxi không kịp quan sát hay do cố tình không nhường đường, chiếc xe taxi sau đó đã lao thẳng vào ô tô con chạy ngược chiều dẫn đến tai nạn kiểu đối đầu. Hậu quả, hai xe bị hư hỏng nặng. Xe taxi mất lái lao ra giữa đường nhưng may mắn không gây thêm tai nạn liên hoàn. Cả 2 tài xế đều có thể bị xử phạt​ Theo quy định tại điều 12 luật Trật tự, an toàn giao thông đường bộ, người điều khiển phương tiện phải chú ý quan sát, giảm tốc độ hoặc dừng lại để bảo đảm an toàn khi tránh xe đi ngược chiều. Điều này đồng nghĩa, ngay cả khi đang di chuyển đúng phần đường, tài xế vẫn có trách nhiệm chủ động phòng tránh nguy hiểm, không được cố tình gây va chạm với phương tiện khác. Đối với tình huống trong đoạn video nói trên, tài xế ô tô màu trắng có dấu hiệu vi phạm quy định về chiều lưu thông. Theo điểm d, khoản 9, điều 6 Nghị định 168/2024/NĐ-CP, hành vi điều khiển ô tô đi ngược chiều trên đường một chiều hoặc đường có biển "cấm đi ngược chiều" có thể bị phạt tiền từ 18 - 20 triệu đồng. Trường hợp hành vi vi phạm gây tai nạn giao thông, mức phạt tăng lên 20 - 22 triệu đồng, đồng thời bị trừ 10 điểm Giấy phép lái xe. Không riêng tài xế ô tô chạy ngược chiều, người lái xe taxi cũng có thể bị xử phạt ẢNH: CẮT TỪ CLIP Tuy nhiên, tài xế taxi cũng có thể phải chịu trách nhiệm nếu cơ quan chức năng xác định người này đã phát hiện xe đi ngược chiều, có đủ điều kiện giảm tốc độ hoặc dừng lại để tránh va chạm nhưng không thực hiện. Theo điểm a, khoản 10, điều 6 Nghị định 168/2024/NĐ-CP, hành vi điều khiển ô tô không quan sát, giảm tốc độ hoặc dừng lại để bảo đảm an toàn theo quy định mà gây tai nạn giao thông có thể bị phạt 20 - 22 triệu đồng, đồng thời bị trừ 10 điểm Giấy phép lái xe. Dù vậy, chỉ từ hình ảnh camera hành trình chưa đủ cơ sở kết luận tài xế taxi cố tình gây tai nạn. Việc xác định trách nhiệm của từng bên cần căn cứ vào kết quả xác minh của cơ quan chức năng, bao gồm diễn biến va chạm, tốc độ, khả năng quan sát, điều kiện tránh va chạm cũng như hệ thống biển báo, tổ chức giao thông tại khu vực xảy ra vụ việc.
A7: =RANK(J7,$J$2:$J$21) | B7: Thói quen húp cạn nước phở: Đã miệng một lúc, hại thận và tim cả đời | C7: https://voz.vn/t/thoi-quen-hup-can-nuoc-pho-da-mieng-mot-luc-hai-than-va-tim-ca-doi.1290967/ | D7: https://vov.vn/doi-song/thoi-quen-hup-can-nuoc-pho-da-mieng-mot-luc-hai-than-va-tim-ca-doi-post1343592.vov | E7: vov.vn | F7: 58 | G7: 49 | H7: 3.4 | I7: =F7*ThamSo!$B$2+G7*ThamSo!$B$3 | J7: =IFERROR(I7/POWER(H7+ThamSo!$B$5,ThamSo!$B$4),0) | K7: 20 | L7: Xoibanhmat | M7: 2026-10-22 11:38 | N7: 3 | O7: ok | P7: VOV.VN - Chỉ một bát phở có thể chứa trọn lượng muối cho cả ngày dài, khiến thói quen húp cạn nước dùng âm thầm trở thành gánh nặng lớn cho thận và tim mạch. Một bát phở nóng hổi với làn khói nghi ngút là lựa chọn quen thuộc của nhiều người để bắt đầu ngày mới. Không ít người còn có thói quen húp cạn phần nước dùng ngọt đậm để cảm nhận trọn vẹn sự tinh túy của bát phở. Tuy nhiên, ít ai ngờ rằng chính phần nước cốt thơm ngon này lại là nơi tiềm ẩn nhiều rủi ro sức khỏe nếu tiêu thụ quá thường xuyên. Theo TS Lê Thị Hương Giang, Trưởng khoa Tiết chế dinh dưỡng, Bệnh viện 19-8, nguyên nhân không nằm ở bánh phở hay từng lát thịt tươi, mà ẩn nấp ngay trong làn nước dùng đậm đà. Trung bình một bát phở chứa khoảng 400-500 ml nước dùng. Lượng nước này mang theo từ 2,5 đến 5 gram muối (tương đương 1.000-2.000 mg Natri). Trong khi đó, Tổ chức Y tế Thế giới (WHO) khuyến cáo mỗi người trưởng thành chỉ nên nạp tối đa 5 gram muối mỗi ngày. Như vậy, chỉ cần húp cạn một tô phở vào buổi sáng, bạn đã nạp gần như trọn vẹn hạn ngạch muối cho cả ngày dài. Điều nguy hiểm là vị mặn này thường bị “đánh lừa” bởi vị ngọt tự nhiên từ xương hầm cùng đủ loại gia vị nêm nếm. Người ăn mải mê thưởng thức sự hài hòa ấy mà không hề hay biết cơ thể đang phải nạp một lượng natri khổng lồ. https://vov.vn/doi-song/thoi-quen-hup-can-nuoc-pho-da-mieng-mot-luc-hai-than-va-tim-ca-doi-post1343592.vov
A8: =RANK(J8,$J$2:$J$21) | B8: Xử lý nghiêm ngân hàng không giảm lãi suất | C8: https://voz.vn/t/xu-ly-nghiem-ngan-hang-khong-giam-lai-suat.1290894/ | D8: https://tienphong.vn/trai-phieu-nong-giua-luc-lai-suat-ngan-hang-i-ach-ha-nhiet-post1887282.tpo | E8: tienphong.vn | F8: 77 | G8: 49 | H8: 6.06 | I8: =F8*ThamSo!$B$2+G8*ThamSo!$B$3 | J8: =IFERROR(I8/POWER(H8+ThamSo!$B$5,ThamSo!$B$4),0) | K8: 20 | L8: Vanguard_VietNam | M8: 2026-10-22 08:59 | N8: 4 | O8: ok | P8: Ngày 21/10, Ngân hàng Nhà nước Việt Nam ban hành Công văn số 9736 yêu cầu các ngân hàng thương mại quyết liệt thực hiện việc giảm thực chất lãi suất huy động và cho vay. Đáng chú ý, cơ quan quản lý cảnh báo sẽ xử lý nghiêm những ngân hàng không chấp hành, trong đó có biện pháp xem xét giảm hoặc giao chỉ tiêu tăng trưởng tín dụng thấp hơn. Theo chỉ đạo mới, các ngân hàng thương mại phải triển khai đồng bộ trên toàn hệ thống và tất cả các kênh bán hàng, thực hiện nghiêm yêu cầu giảm lãi suất của Thống đốc Ngân hàng Nhà nước tại cuộc họp ngày 19/10 và Công văn số 9608 ngày 18/10. Ngân hàng Nhà nước thúc giục các ngân hàng giảm lãi suất trên mọi kênh. Ảnh: NY. Cụ thể, trong những tháng cuối năm 2026, các ngân hàng phải giảm tối thiểu 0,5%/năm đối với lãi suất tiền gửi bình quân của các giao dịch phát sinh mới có kỳ hạn từ 6 tháng trở lên. Mức giảm được so sánh với lãi suất của chính ngân hàng đó trong kỳ báo cáo từ ngày 11/1-20/10. Để giám sát việc thực hiện, Ngân hàng Nhà nước sẽ theo dõi số liệu lãi suất bình quân của các giao dịch phát sinh mới tại ngân hàng trong những tháng cuối năm thông qua hệ thống báo cáo thống kê. Trường hợp ngân hàng thương mại không thực hiện chỉ đạo, Ngân hàng Nhà nước sẽ có biện pháp xử lý nghiêm. https://tienphong.vn/xu-ly-nghiem-ngan-hang-khong-giam-lai-suat-post1887327.tpo
A9: =RANK(J9,$J$2:$J$21) | B9: CEO PNJ: Công ty cạn tiền vì khách bán lại kim cương gấp 10 lần | C9: https://voz.vn/t/ceo-pnj-cong-ty-can-tien-vi-khach-ban-lai-kim-cuong-gap-10-lan.1290721/ | D9: https://znews.vn/tieu-diem/pnj.html | E9: znews.vn | F9: 133 | G9: 108 | H9: 24.34 | I9: =F9*ThamSo!$B$2+G9*ThamSo!$B$3 | J9: =IFERROR(I9/POWER(H9+ThamSo!$B$5,ThamSo!$B$4),0) | K9: 20 | L9: luzshop | M9: 2026-10-21 14:42 | N9: 7 | O9: ok | P9: PNJ cho biết làn sóng khách bán lại kim cương khiến doanh nghiệp cạn tiền, dự kiến nâng dự phòng lên 7.100 tỷ đồng và huy động 8.000 tỷ đồng để tái cấu trúc. Tại phiên họp ĐHĐCĐ bất thường ngày 21/10, ông Phan Quốc Công, CEO Công ty CP Vàng bạc Đá quý Phú Nhuận ( PNJ ), cho biết doanh nghiệp đã rơi vào tình trạng cạn kiệt thanh khoản sau làn sóng khách hàng bán lại kim cương bùng phát hồi tháng 7. Chỉ riêng tháng 7, giá trị sản phẩm khách hàng mang bán lại đã lên tới gần 6.000 tỷ đồng, trong khi lượng khách giao dịch mỗi ngày tăng gấp 10 lần bình thường. ​ Lỗ 258 tỷ quý II, nợ ngân hàng 3.000 tỷ đồng ​ Theo ông Công, sự cố pháp lý tại Thanh Hóa vào đầu tháng 7 đã làm dấy lên lo ngại trên thị trường. Ông gọi đây là sự kiện “thiên nga đen”, có tính chất bất ngờ và ảnh hưởng sâu rộng, làm thay đổi mạnh mẽ thị trường kim cương Việt Nam. Trước sự cố, tại ngày 30/6, PNJ vẫn có lượng tiền mặt và tiền gửi tạo thành đệm tài chính an toàn. Tuy nhiên, khi khách hàng đồng loạt bán lại sản phẩm, phần lớn tiền mặt của doanh nghiệp đã chuyển thành hàng tồn kho mua lại từ khách hàng. Trong năm 2025, giá trị khách hàng bán lại trên toàn hệ thống PNJ vào khoảng 7.000 tỷ đồng, với tỷ lệ thu đổi thông thường khoảng 30% mỗi năm trên tổng giá trị tích lũy. Tuy nhiên, làn sóng bán lại trong tháng 7 đã vượt xa mức thông thường. Áp lực càng lớn khi nhóm kim cương và trang sức kim cương chiếm tới 52% tổng hàng tồn kho của PNJ. Đến cuối quý III, tổng giá trị tích lũy từ các cam kết thu đổi kim cương và trang sức kim cương của doanh nghiệp vào khoảng 24.000 tỷ đồng. Riêng nhóm này có giá trị cam kết khoảng 21.000 tỷ tại ngày 30/9. Các cam kết thu đổi trước đây không có thời hạn. Trong bối cảnh doanh thu chưa phục hồi, PNJ cũng khó bán thanh lý lượng lớn kim cương để tạo tiền mặt. Theo lãnh đạo doanh nghiệp, việc bán số lượng lớn trong thời gian ngắn đòi hỏi mức chiết khấu sâu, trong khi thị trường có thể cần nhiều năm để hấp thụ hết lượng hàng. Để ứng phó, PNJ đã điều chỉnh chính sách thu đổi, chuyển sang thanh toán trong vòng 120 ngày đối với kim cương. Với vàng trang sức, thời gian thanh toán sau đó được rút ngắn xuống T+2 và T+7. Tuy nhiên, việc thay đổi chính sách thu đổi cũng ảnh hưởng đến sức mua và niềm tin khách hàng. Doanh thu bán lẻ giảm xuống còn chưa bằng 1/3 mức bình thường trước sự cố. Trong quý III, PNJ cắt giảm 13% chi phí bán hàng và quản lý doanh nghiệp so với cùng kỳ nhưng vẫn lỗ 258 tỷ đồng, chưa bao gồm khoản trích lập dự phòng mới. Về nghĩa vụ tài chính, dư nợ vay ngân hàng của PNJ hiện ở mức 3.000 tỷ đồng, đều là các khoản vay ngắn hạn có tài sản bảo đảm. Khoản phải trả khách hàng và đối tác theo lộ trình thanh toán 120 ngày là 125 tỷ đồng. Để giải quyết khó khăn thanh khoản tạm thời, Chủ tịch HĐQT cùng các cổ đông lớn đã cho công ty vay cá nhân tổng cộng 700 tỷ đồng, được giải ngân trong hai ngày 15/9 và 25/9. PNJ đồng thời cần duy trì khoảng 100-150 tỷ đồng mỗi tháng cho các hoạt động vận hành cơ bản. ​ Tăng dự phòng lên 7.100 tỷ, cần huy động 8.000 tỷ đồng ​ Theo phương án trình cổ đông, PNJ dự kiến tăng khoản dự phòng tổn thất kế toán từ 2.300 tỷ lên khoảng 7.100 tỷ đồng. Việc điều chỉnh gắn với thay đổi giả định về tỷ lệ khách hàng thực hiện quyền thu đổi, từ 30% lên 80%. Với riêng nhóm kim cương và trang sức kim cương có giá trị cam kết thu đổi tích lũy khoảng 21.000 tỷ đồng, nếu áp dụng tỷ lệ thực hiện 80%, giá trị thu đổi tương ứng vào khoảng 16.500 tỷ đồng theo tính toán của doanh nghiệp. Đối với sản phẩm mới, PNJ định hướng chuyển sang thu đổi theo giá thị trường thực tế tại thời điểm giao dịch, thay vì tiếp tục cam kết tỷ lệ phần trăm cố định trên hóa đơn như trước đây. Ông Công nhấn mạnh khoản dự phòng khoảng 7.000 tỷ là tác động kế toán, khác với nhu cầu tiền mặt 8.000 tỷ đồng mà doanh nghiệp đang đặt ra. Việc trích lập dự phòng không đồng nghĩa công ty phải chi ngay khoản tiền tương ứng, mà nhằm phản ánh rủi ro trên cơ sở tính toán. Để khôi phục hoạt động, PNJ trình cổ đông phương án huy động 8.000 tỷ đồng. Trong đó,…
A10: =RANK(J10,$J$2:$J$21) | B10: Australia đang xem xét hồ sơ lập hãng bay của Vietjet | C10: https://voz.vn/t/australia-dang-xem-xet-ho-so-lap-hang-bay-cua-vietjet.1290310/ | D10: https://tapchihangkhong.vn/hang-hang-khong-moi-cua-vietjet-tai-australia-co-the-bay-den-nhung-dau-d13755.html | E10: tapchihangkhong.vn | F10: 154 | G10: 200 | H10: 52.47 | I10: =F10*ThamSo!$B$2+G10*ThamSo!$B$3 | J10: =IFERROR(I10/POWER(H10+ThamSo!$B$5,ThamSo!$B$4),0) | K10: 20 | L10: Xephinhkieumy19 | M10: 2026-10-20 10:34 | N10: 8 | O10: ok | P10: Trung Kiên - 20/10/2026 - 09:32 (TCHK) - Vietjet đang được xem xét hồ sơ xin cấp phép khai thác hàng không tại Australia, với kế hoạch vận hành đội bay tối đa 10 chiếc Boeing 737 dưới tên Cherrie Air. Vietjet xin vận hành tối đa 10 máy bay Boeing 737 ở Australia​ Theo The Sydney Morning Herald , Vietjet đã nộp hồ sơ lên Cơ quan An toàn Hàng không Dân dụng Australia (CASA) để xin cấp Giấy phép Khai thác Hàng không (AOC), qua đó có thể khai thác các đường bay nội địa tại nước này. Kế hoạch được đề cập là vận hành tối đa 10 máy bay Boeing 737 trên các tuyến kết nối Sydney, Melbourne và Brisbane, dưới tên gọi Cherrie Air. Vietjet đã nộp hồ sơ lên Cơ quan An toàn Hàng không Dân dụng Australia (CASA) để xin cấp Giấy phép Khai thác Hàng không (AOC) CASA cho biết Đạo luật Hàng không Dân dụng cho phép cơ quan này đánh giá năng lực tài chính của doanh nghiệp trong quá trình xem xét hồ sơ xin cấp AOC. Theo cơ quan quản lý, việc thẩm định được thực hiện, đặc biệt đối với các đơn xin phép khai thác vận tải hàng không quy mô lớn. Việc hồ sơ đang được xem xét chưa đồng nghĩa Cherrie Air đã được cấp phép hoặc có thể bắt đầu khai thác. Để triển khai kế hoạch, hãng còn phải đáp ứng các yêu cầu quản lý và an toàn hàng không của Australia. Vietjet là một trong những hãng hàng không tư nhân đầu tiên của Việt Nam, bắt đầu hoạt động từ năm 2011. Trong quá trình phát triển, hãng tập trung mở rộng mạng bay quốc tế và xây dựng hiện diện tại một số thị trường nước ngoài, trong đó có Thái Lan và Kazakhstan. Nếu kế hoạch tại Australia được thông qua, Vietjet sẽ có thêm cơ hội tham gia thị trường nội địa của một trong những quốc gia có mạng hàng không phát triển, nhưng cũng đối mặt với yêu cầu cao về năng lực tài chính, vận hành và tuân thủ quy định sở tại. Từ đường bay quốc tế đến tham vọng khai thác nội địa​ Kế hoạch tại Australia cần được nhìn nhận trong chiến lược mở rộng hiện diện ở nước ngoài của Vietjet. Hãng không chỉ tăng tần suất trên các đường bay quốc tế hiện có mà còn tiếp tục mở những điểm đến mới, trong đó có Trung Á, Trung Âu và Australia. Theo thông tin công bố của Vietjet và chính quyền bang New South Wales, hãng dự kiến khai thác đường bay thẳng TP.HCM - Western Sydney từ tháng 1/2027, với hai chuyến khứ hồi mỗi tuần trong giai đoạn đầu. Đây là dịch vụ quốc tế, sử dụng máy bay Airbus A330, khác với kế hoạch lập hãng bay nội địa Cherrie Air đang xin phê duyệt tại Australia. Hiện Vietjet đã khai thác các đường bay kết nối TP.HCM với Sydney, Melbourne, Brisbane và Perth. Việc mở thêm đường bay đến Western Sydney sẽ giúp hãng tiếp cận một cửa ngõ hàng không mới của khu vực Sydney, đồng thời mở rộng lựa chọn cho hành khách đi lại giữa Việt Nam và Australia. Nếu được cấp phép khai thác, Cherrie Air sẽ theo đuổi một phân khúc khác với mạng bay quốc tế hiện tại của Vietjet. Các tuyến Sydney - Melbourne - Brisbane thuộc những hành lang hàng không đông khách nhất Australia, nhưng cũng là thị trường cạnh tranh với sự hiện diện của các hãng lớn như Qantas, Jetstar và Virgin Australia. Hiệu quả khai thác vì thế sẽ phụ thuộc vào việc hãng đáp ứng các điều kiện cấp phép, xây dựng mạng bay và kiểm soát chi phí vận hành. Một dấu hiệu cho thấy kế hoạch đã tiến xa hơn mức ý tưởng là máy bay Boeing 737 mang số đăng ký VH-T8A xuất hiện trong sổ đăng bạ của CASA từ tháng 9/2026, với đơn vị khai thác đăng ký tại Melbourne mang tên Cherrie Aviation. Theo Australian Aviation , đại diện Vietjet cho biết hãng đã đồng ý cho một pháp nhân tại Australia thuê chiếc máy bay này, trong khi pháp nhân đó đang tìm kiếm phê duyệt quản lý để khai thác. Kế hoạch tại Australia cần được nhìn nhận trong chiến lược mở rộng hiện diện ở nước ngoài của Vietjet. Dù vậy, đăng ký máy bay hay chuẩn bị pháp nhân không thay thế được AOC. Đây vẫn là bước phê duyệt quan trọng để doanh nghiệp có thể chính thức cung cấp dịch vụ vận tải hàng không. Hàng không Việt tăng trưởng mạnh Theo số liệu Cục Hàng không Việt Nam, tính đến ngày 22/9/2026, Việt Nam có 258 máy bay đăng ký quốc tịch Việt Nam…
A11: =RANK(J11,$J$2:$J$21) | B11: (Dịch) (Quốc tế) Tổ chức an ninh mạng cảnh báo các trang web có thể bị đóng khi PHP chuẩn bị bản vá lỗi quan trọng. | C11: https://voz.vn/t/dich-quoc-te-to-chuc-an-ninh-mang-canh-bao-cac-trang-web-co-the-bi-dong-khi-php-chuan-bi-ban-va-loi-quan-trong.1290760/ | D11: https://www.reuters.com/world/asia-pacific/eu-agency-warns-websites-may-need-be-taken-offline-php-prepares-patches-2026-10-21/ | E11: reuters.com | F11: 75 | G11: 77 | H11: 22.14 | I11: =F11*ThamSo!$B$2+G11*ThamSo!$B$3 | J11: =IFERROR(I11/POWER(H11+ThamSo!$B$5,ThamSo!$B$4),0) | K11: 20 | L11: Doores | M11: 2026-10-21 16:54 | N11: 4 | O11: ok | P11: 21 tháng 10 (Reuters) - Các nhà phát triển ngôn ngữ lập trình PHP được sử dụng rộng rãi cho biết hôm thứ Tư rằng họ sẽ phát hành các bản vá cho hai lỗ hổng nghiêm trọng, trong khi các quan chức an ninh mạng của EU cảnh báo các tổ chức không thể áp dụng các bản vá này nên tạm ngừng hoạt động các trang web bị ảnh hưởng. PHP được sử dụng rộng rãi trên internet, và trong ngày qua đã xuất hiện nhiều đồn đoán rằng các trang web sử dụng phần mềm này có thể dễ bị tấn công mạng nghiêm trọng. "PHP có mặt ở khắp mọi nơi. Nó âm thầm vận hành các trang web WordPress, Drupal, Joomla và Magento, các nền tảng lưu trữ chia sẻ, bảng điều khiển và rất nhiều phần mềm khác mà thậm chí không hề quảng cáo rằng chúng đang chạy PHP bên trong," công ty an ninh mạng Huntress cho biết trong một bài đăng trên blog. Trong bản cập nhật bảo mật, PHP cho biết cả hai lỗ hổng đều được xếp hạng 9.2 trên thang đo độ nghiêm trọng CVSS v4.0 và khuyến cáo người dùng "nâng cấp ngay khi bản phát hành có sẵn". Thông báo cho biết bản vá cho cả hai lỗ hổng dự kiến sẽ được phát hành vào lúc 14:00 GMT ngày thứ Tư. Dane Knecht, giám đốc công nghệ của công ty bảo mật web và điện toán đám mây Cloudflare (NET.N). Ông cho biết các cuộc tấn công đang xuất hiện và Cloudflare đang cập nhật các quy tắc tường lửa của mình như một biện pháp tạm thời. "Chúng tôi đang phát hiện các cuộc tấn công ban đầu và đang cập nhật các biện pháp giảm thiểu khi các phương thức tấn công mới xuất hiện. Đây chỉ là biện pháp tạm thời. Hãy vá lỗi ngay khi PHP phát hành bản cập nhật", ông nói trên X. Nhóm ứng phó khẩn cấp máy tính của Liên minh châu Âu (CERT-EU) cho biết trong một thông báo hôm thứ Ba rằng mức xếp hạng 9.2 cho thấy nguy cơ thực thi mã từ xa không cần xác thực, một loại lỗ hổng cho phép kẻ tấn công chạy mã độc hại trên các hệ thống dễ bị tổn thương mà không cần đăng nhập. CERT-EU kêu gọi các tổ chức chuẩn bị vá lỗi ngay lập tức cho các nơi bị ảnh hưởng và cho biết những tổ chức nào không thể làm như vậy nên xem xét việc tạm ngừng hoạt động các trang web bị ảnh hưởng. Trung tâm An ninh mạng Úc (ACSC) đã đưa ra hướng dẫn tương tự, kêu gọi các tổ chức xác định PHP trong hệ thống của họ, chuẩn bị áp dụng các bản vá lỗi và giám sát các ứng dụng để phát hiện các dấu hiệu hoạt động độc hại. "ACSC hiện chưa phát hiện hoạt động khai thác nào liên quan đến các lỗ hổng này", cơ quan này cho biết. Nhà cung cấp dịch vụ lưu trữ web GoDaddy cho biết các lỗ hổng này có thể cho phép kẻ tấn công thực thi mã trên các máy chủ bị ảnh hưởng thông qua internet, có khả năng dẫn đến đánh cắp dữ liệu, phá hoại trang web hoặc xâm phạm toàn bộ hệ thống. Wordfence, một plugin bảo mật bảo vệ các trang web WordPress, cho biết tất cả các trang web WordPress đều chạy trên máy chủ được cài đặt PHP. Họ cảnh báo rằng các bản cập nhật tự động sẽ không áp dụng bản vá lỗi và khuyên chủ sở hữu trang web nên tìm hiểu xem ai chịu trách nhiệm cập nhật PHP trên trang web của họ. Nhóm bảo mật của PHP cho biết chi tiết về các lỗ hổng, các phiên bản bị ảnh hưởng và các bản phát hành đã được sửa lỗi sẽ được công bố khi các bản vá được phát hành. CERT-EU và ACSC cho biết tất cả các phiên bản PHP từ PHP 5 trở lên đều có thể bị ảnh hưởng, mặc dù PHP chưa tiết lộ phiên bản nào dễ bị tổn thương. https://www.reuters.com/world/asia-pacific/eu-agency-warns-websites-may-need-be-taken-offline-php-prepares-patches-2026-10-21/
A12: =RANK(J12,$J$2:$J$21) | B12: Công ty của kỹ sư người Việt phát hiện "lỗ hổng" đe dọa 70% website toàn cầu | C12: https://voz.vn/t/cong-ty-cua-ky-su-nguoi-viet-phat-hien-lo-hong-de-doa-70-website-toan-cau.1290969/ | D12: https://dantri.com.vn/kinh-doanh/cong-ty-cua-ky-su-nguoi-viet-phat-hien-lo-hong-de-doa-70-website-toan-cau-20261022003337790.htm | E12: dantri.com.vn | F12: 40 | G12: 27 | H12: 3.35 | I12: =F12*ThamSo!$B$2+G12*ThamSo!$B$3 | J12: =IFERROR(I12/POWER(H12+ThamSo!$B$5,ThamSo!$B$4),0) | K12: 15 | L12: Doores | M12: 2026-10-22 11:41 | N12: 3 | O12: ok | P12: (Dân trí) - Một lỗ hổng ẩn trong PHP suốt nhiều năm vừa được đưa ra ánh sáng nhờ trí tuệ nhân tạo. Đứng sau phát hiện này là Calif, công ty bảo mật có trụ sở tại California (Mỹ) do kỹ sư Thái Dương điều hành.​ Ngày 21/10, những người phát triển PHP, ngôn ngữ lập trình dùng để xây dựng website, hiện vận hành khoảng 70% trang web trên toàn cầu, đã công bố một lỗ hổng bảo mật nghiêm trọng cho phép kẻ tấn công chiếm quyền kiểm soát bất kỳ máy chủ nào chạy phần mềm này. Từ đó, tin tặc có thể đánh cắp dữ liệu hoặc dùng chính website bị xâm nhập để tấn công người truy cập. Lỗ hổng được đặt tên PHP2Shell, thực chất là một nhóm vấn đề liên quan đến cách PHP quản lý bộ nhớ máy tính. Nó có thể bị khai thác theo nhiều cách khác nhau, có trường hợp chỉ mất vài giây, để chạy mã trái phép trên các máy chủ chưa được vá lỗi. Volker Dusch, kỹ sư bảo mật của tổ chức phi lợi nhuận quản lý dự án PHP, gọi đây là sự cố bảo mật nghiêm trọng nhất mà PHP đối mặt trong hơn một thập kỷ. Ông so sánh nó với Heartbleed (lỗ hổng trong thư viện mã hóa OpenSSL năm 2014, từng khiến cả thế giới phải chạy đua bảo vệ hàng trăm nghìn máy chủ). Điểm khiến giới chuyên gia lo ngại hơn cả là bối cảnh mới: Khi bản vá được công bố, tin tặc có thể phân tích những thay đổi trong mã nguồn (bộ mã lập trình gốc của phần mềm) để tìm ra cách tấn công, và trí tuệ nhân tạo (AI) làm việc này nhanh hơn bất kỳ con người nào. Một lỗ hổng ẩn trong PHP suốt nhiều năm vừa được phát hiện (Ảnh minh họa: CV). Kỹ sư Thái Dương (Dương Ngọc Thái), giám đốc điều hành Calif, cảnh báo trên The Wall Street Journal rằng chỉ cần một cá nhân bất kỳ lấy bản vá, dùng trí tuệ nhân tạo để dựng mã khai thác - đoạn chương trình lợi dụng lỗ hổng để tấn công - rồi đăng lên mạng là tình hình sẽ trở nên hỗn loạn. Một số quản trị viên cho biết họ chủ động tắt website trong khi chờ cập nhật. Trí tuệ nhân tạo tìm ra thứ con người đã bỏ qua Người trực tiếp phát hiện lỗ hổng là Ryan Austin, nhà nghiên cứu tại Calif, trong một đợt kiểm tra mã nguồn PHP vào tháng 8/2026 với sự hỗ trợ của GPT-5.6 Sol (một trong những mô hình trí tuệ nhân tạo tiên tiến nhất của OpenAI, công ty tạo ra ChatGPT). Đợt kiểm tra này do OpenAI tài trợ, nằm trong nỗ lực của các công ty trí tuệ nhân tạo nhằm giúp các dự án mã nguồn mở (phần mềm công khai mã nguồn, do cộng đồng tình nguyện phát triển) xử lý những lỗ hổng mà hệ thống AI ngày càng phát hiện ra nhiều. Điều đáng chú ý là loại lỗi này không hề mới. Theo ông Thái Dương, một nhà nghiên cứu từng chỉ ra vấn đề từ nhiều thập kỷ trước, nhưng vì bị cho là quá khó khai thác nên nó dần rơi vào quên lãng. Trí tuệ nhân tạo đã tìm được lối đi: Austin xây dựng được cách điều khiển mã đang chạy trong bộ nhớ chỉ với vài chục yêu cầu gửi tới máy chủ PHP. Trên hệ thống nhỏ, cuộc tấn công hoàn tất trong vài giây; trên hệ thống phức tạp hơn, có thể mất vài giờ. Ngày 11/8, ông Thái Dương gọi điện cho ông Dusch. Ông Dusch kể rằng phản ứng đầu tiên của ông là hoang mang, không biết phải truyền đạt chuyện này ra sao, rồi sau đó bình tĩnh lại và bắt tay vào sửa lỗi. Một nhóm làm việc không chính thức nhanh chóng hình thành giữa các nhà nghiên cứu bảo mật, kỹ sư phần mềm, nhà phân phối và các công ty bảo mật. Nhóm nghiên cứu của Wiz (công ty bảo mật điện toán đám mây, nay thuộc Google) và của OpenAI cũng độc lập tìm ra những lỗ hổng tương tự và nhanh chóng tham gia. Ami Luttwak, đồng sáng lập Wiz, nhận định PHP2Shell là lỗ hổng nghiêm trọng nhất từng được trí tuệ nhân tạo phát hiện và có lẽ quá phức tạp để con người tự tìm ra. Hai tháng giữ bí mật và một vụ rò rỉ Trong suốt quá trình khắc phục, những người liên quan giữ kín tuyệt đối sự tồn tại của lỗ hổng, vì lo sợ một tin tặc dùng trí tuệ nhân tạo có thể phát hiện và khai thác nó trước khi bản vá hoàn tất. Khối lượng công việc rất lớn: Gần 200 tập tin được chỉnh sửa, hơn 10.000 dòng mã được viết. Ngày phát hành dự kiến là 22/10. Nhưng chưa đầy hai ngày trước mốc đó, thông tin về bản vá rò rỉ trên Hacker News (diễn đàn tin tức công nghệ nổi tiếng trong gi…
A13: =RANK(J13,$J$2:$J$21) | B13: Cửa sổ 'dân số vàng': Cơ hội lịch sử không lặp lại | C13: https://voz.vn/t/cua-so-dan-so-vang-co-hoi-lich-su-khong-lap-lai.1291005/ | D13: https://thanhnien.vn/cua-so-dan-so-vang-co-hoi-lich-su-khong-lap-lai-185261010202220972.htm | E13: thanhnien.vn | F13: 31 | G13: 22 | H13: 1.15 | I13: =F13*ThamSo!$B$2+G13*ThamSo!$B$3 | J13: =IFERROR(I13/POWER(H13+ThamSo!$B$5,ThamSo!$B$4),0) | K13: 10 | L13: Thọ Gầy 4.0 | M13: 2026-10-22 13:54 | N13: 2 | O13: ok | P13: Việt Nam vẫn đang ở giai đoạn cuối của thời kỳ "dân số vàng" và cần những chính sách đột phá để biến cơ hội này thành động lực phát triển trong kỷ nguyên mới. NGUY CƠ "CHƯA GIÀU ĐÃ GIÀ"​ Theo dự báo mới nhất của Cục Thống kê, thời kỳ cơ cấu "dân số vàng" và giai đoạn dân số già sẽ đến với VN sớm hơn các dự báo trước đó. VN chính thức bước vào thời kỳ cơ cấu "dân số vàng" từ năm 2007 khi tỷ trọng dân số trẻ em (từ 0 - 14 tuổi) nhỏ hơn 30%, tỷ trọng dân số người cao tuổi (từ 65 tuổi trở lên) nhỏ hơn 15%. Trong suốt giai đoạn 2024 - 2035, dân số trong độ tuổi lao động (15 - 64 tuổi) duy trì ở mức rất cao, từ 67,4% năm 2024 xuống 66,9% năm 2035. https://thanhnien.vn/cua-so-dan-so-vang-co-hoi-lich-su-khong-lap-lai-185261010202220972.htm
... A21: =RANK(J21,$J$2:$J$21) | B21: Diện mạo Quốc học Huế sau 130 năm | C21: https://voz.vn/t/dien-mao-quoc-hoc-hue-sau-130-nam.1291029/ | D21: https://tienphong.vn/de-xuat-xep-hang-18-di-tich-o-hue-post1829157.tpo | E21: tienphong.vn | F21: 0 | G21: 1 | H21: 0.02 | I21: =F21*ThamSo!$B$2+G21*ThamSo!$B$3 | J21: =IFERROR(I21/POWER(H21+ThamSo!$B$5,ThamSo!$B$4),0) | K21: 0 | L21: Just a feeling | M21: 2026-10-22 15:01 | N21: 1 | O21: ok | P21: TPO - Trải qua 130 năm, Trường Quốc học Huế là nơi lưu giữ những nét kiến trúc cổ kính, tạo dấu ấn giáo dục và lịch sử đặc biệt. Ngôi trường hiện được chỉnh trang, nâng cấp cơ sở vật chất trước ngày kỷ niệm thành lập. Thành lập ngày 23/10/1896 dưới triều vua Thành Thái, Trường Quốc học Huế là một trong những ngôi trường trung học lâu đời nhất Việt Nam. Nằm bên sông Hương, ngôi trường mang dấu ấn kiến trúc cổ kính , đồng thời là nơi đào tạo nhiều thế hệ học sinh tài năng cho đất nước. Những ngày này, trường được chỉnh trang để chuẩn bị kỷ niệm 130 năm thành lập. Trường mang tên ban đầu là “Pháp tự Quốc học Trường môn”, từng đổi thành Collège Quốc học, Lycée Khải Định trước khi trở lại tên Quốc học như ngày nay. Đáng chú ý, năm 2020, địa điểm trường được xếp vào hệ thống Di tích Quốc gia Đặc biệt về Chủ tịch Hồ Chí Minh tại Huế. Tấm biển "Pháp tự Quốc học Trường môn" ghi tên trường vẫn còn lưu giữ tại nhà truyền thống của trường cho tới ngày nay. Từ những dãy nhà ban đầu được cải tạo từ trại lính thủy quân, năm 1915, trường được xây dựng lại bằng gạch, vôi vữa, mái ngói theo phong cách kiến trúc phương Tây. Qua hơn một thế kỷ, những khối nhà cổ, cửa sổ và mái ngói đặc trưng tạo nên diện mạo riêng cho Quốc học Huế, lưu giữ dấu ấn lịch sử trong không gian giáo dục hiện đại. Giữa khuôn viên trường là tượng đồng Nguyễn Tất Thành, được xây dựng năm 1990 nhân kỷ niệm 100 năm ngày sinh Chủ tịch Hồ Chí Minh. Niên khóa 1908 - 1909, Người từng theo học tại đây, tham gia các hoạt động yêu nước trước khi rời Huế, tiếp tục hành trình tìm đường cứu nước. Tượng đài trở thành điểm nhấn lịch sử đặc biệt trong không gian học đường. Quốc học Huế là ngôi trường gắn với tên tuổi nhiều cựu học sinh tiêu biểu, trong đó có Chủ tịch Hồ Chí Minh, các Tổng Bí thư Trần Phú, Hà Huy Tập, Lê Duẩn và Đại tướng Võ Nguyên Giáp... Những dấu ấn ấy được lưu giữ tại nhà truyền thống, góp phần kể lại hành trình hình thành, phát triển của ngôi trường và truyền thống bồi dưỡng nhân tài qua nhiều thế hệ. Nhà truyền thống còn là nơi lưu giữ hình ảnh, tư liệu về lịch sử nhà trường cùng những thế hệ học sinh đã trưởng thành từ mái trường Quốc học. Ngôi nhà cũng là một trong những hạng mục được cải tạo trong dự án nâng cấp trường vừa triển khai, nhằm bảo tồn giá trị truyền thống, hoàn thiện không gian trưng bày và phục vụ hoạt động giáo dục lịch sử cho học sinh. Cổng trường Quốc học Huế hơn 100 năm trước. Ảnh tư liệu Một góc nhà truyền thống của trường còn lưu giữ quả chuông treo trên cổng trường, cùng tấm biển "Pháp tự Quốc học Trường môn". Bình phong long mã phía trước trường có gắn tấm bia đá ghi năm tháng thành lập trường. Các dãy phòng học, khối chức năng được kết nối bằng hệ thống hành lang có mái che bê tông, tạo lối đi thuận tiện giữa những khu vực trong trường. Bên cạnh các công trình mang dấu ấn kiến trúc đầu thế kỷ XX, những hạng mục phục vụ nhu cầu học tập , sinh hoạt hiện nay góp phần tạo nên diện mạo đan xen giữa không gian di sản và cơ sở giáo dục hiện đại. Chuẩn bị cho lễ kỷ niệm 130 năm thành lập, UBND TP. Huế đã phê duyệt dự án cải tạo, nâng cấp Trường THPT Chuyên Quốc học Huế có tổng mức đầu tư gần 16,3 tỷ đồng, khởi công tháng 9/2025. Các hạng mục gồm nhà hội trường hai tầng, nhà truyền thống và lưu niệm, nhà khách cùng hệ thống âm thanh, ánh sáng. Nhà thầu hiện hoàn tất những phần việc cuối cùng để phục vụ lễ kỷ niệm. Cùng với các công trình chính, dự án còn chỉnh trang đường nội bộ, bồn hoa, thảm cỏ, hệ thống chiếu sáng sân vườn; cải tạo nhà mỹ thuật, phòng âm nhạc, phòng sinh hoạt chuyên môn, khán đài sân vận động và nhà thi đấu thể thao. Việc hoàn thiện cơ sở vật chất hướng tới phục vụ lễ kỷ niệm 130 năm, đồng thời đáp ứng tốt hơn nhu cầu dạy và học của nhà trường. https://tienphong.vn/dien-mao-quoc-hoc-hue-sau-130-nam-post1886982.tpo

Sheet Top comments
A1: Hang thread | B1: Tieu de thread | C1: Link bai bao | D1: Hang comment | E1: Ung | F1: Tac gia | G1: Post # | H1: Link comment | I1: Thoi gian | J1: Noi dung comment
A2: 1 | B2: Đề xuất người dưới 18 tuổi được hiến tạng khi có nguyện vọng và được đồng ý | C2: https://tuoitre.vn/de-xuat-nguoi-duoi-18-tuoi-duoc-hien-tang-khi-co-nguyen-vong-va-duoc-dong-y-100261021092718637.htm | D2: 1 | E2: 3 | F2: m0use00 | G2: 2 | H2: https://voz.vn/p/44092896/ | I2: 2026-10-22 05:52 | J2: Hiện tại có một số thông tin chưa được kiểm chứng về phiếu lấy ý kiến trẻ em gì đó. Mong các bậc phụ huynh lưu ý cho con em trong nhà, tránh bị kẻ xấu lợi dụng
A3: 1 | B3: Đề xuất người dưới 18 tuổi được hiến tạng khi có nguyện vọng và được đồng ý | C3: https://tuoitre.vn/de-xuat-nguoi-duoi-18-tuoi-duoc-hien-tang-khi-co-nguyen-vong-va-duoc-dong-y-100261021092718637.htm | D3: 2 | E3: 3 | F3: Peanut1606 | G3: 3 | H3: https://voz.vn/p/44092900/ | I3: 2026-10-22 05:53 | J3: Bao giờ cho bọn 14 tuổi chịu trách nghiệm hình sự như trên 18 tuổi rồi nói chuyện
A4: 1 | B4: Đề xuất người dưới 18 tuổi được hiến tạng khi có nguyện vọng và được đồng ý | C4: https://tuoitre.vn/de-xuat-nguoi-duoi-18-tuoi-duoc-hien-tang-khi-co-nguyen-vong-va-duoc-dong-y-100261021092718637.htm | D4: 3 | E4: 3 | F4: No Mercy | G4: 4 | H4: https://voz.vn/p/44092901/ | I4: 2026-10-22 05:53 | J4: Sau khi đọc hết 4 câu hỏi lấy ý kiến trẻ em thì t rút ra 1 kết luận như sau: Hãy ráng kiếm 1 đứa con nuôi có đặc điểm sinh học càng giống mình càng tốt. Đến khi nó đủ 18 tuổi thì đá đít nó ra khỏi nhà, kiếm đứa khác. Cứ như vậy thì sẽ có nguồn tạng dự phòng bất trắc của bản thân tới cuối đời.
A5: 1 | B5: Đề xuất người dưới 18 tuổi được hiến tạng khi có nguyện vọng và được đồng ý | C5: https://tuoitre.vn/de-xuat-nguoi-duoi-18-tuoi-duoc-hien-tang-khi-co-nguyen-vong-va-duoc-dong-y-100261021092718637.htm | D5: 4 | E5: 3 | F5: cttt | G5: 5 | H5: https://voz.vn/p/44092924/ | I5: 2026-10-22 06:05 | J5: Thực tế là anh rất ngu luật. TNHS đéo phải là trên 18 tuổi mà là trên 14 tuổi rồi. Tuy nhiên, chỉ là mức độ xử lý sẽ được giảm nhẹ khi dưới 18 tuổi. Như case kinh điển là thằng luyện. Nó vẫn chịu trách nhiệm, vẫn phải đi tù nhưng ko bị án chữ thôi. Còn vẫn án số, nó cũng bị max án số Theo Điều 12 Bộ luật Hình sự 2015 (sửa đổi, bổ sung 2017), độ tuổi chịu trách nhiệm hình sự tại Việt Nam được quy định gồm 3 mốc: người từ đủ 16 tuổi trở lên chịu trách nhiệm về mọi tội phạm; người từ đủ 14 đến dưới 16 tuổi chỉ chịu trách nhiệm về một số tội rất nghiêm trọng hoặc đặc biệt nghiêm trọng; người dưới 14 tuổi không phải chịu trách nhiệm hình sự
A6: 1 | B6: Đề xuất người dưới 18 tuổi được hiến tạng khi có nguyện vọng và được đồng ý | C6: https://tuoitre.vn/de-xuat-nguoi-duoi-18-tuoi-duoc-hien-tang-khi-co-nguyen-vong-va-duoc-dong-y-100261021092718637.htm | D6: 5 | E6: 3 | F6: cttt | G6: 6 | H6: https://voz.vn/p/44092939/ | I6: 2026-10-22 06:10 | J6: PHẢN ĐỐI cái luật này. Và thằng nào nghĩ ra "đề xuất" thì bắn bỏ luôn
A7: 1 | B7: Đề xuất người dưới 18 tuổi được hiến tạng khi có nguyện vọng và được đồng ý | C7: https://tuoitre.vn/de-xuat-nguoi-duoi-18-tuoi-duoc-hien-tang-khi-co-nguyen-vong-va-duoc-dong-y-100261021092718637.htm | D7: 6 | E7: 3 | F7: Peanut1606 | G7: 7 | H7: https://voz.vn/p/44092946/ | I7: 2026-10-22 06:14 | J7: còn anh là thằng đại ngu . Thế thằng 14 tuổi được làm những việc như thằng trên 18 tuổi không ?
A8: 1 | B8: Đề xuất người dưới 18 tuổi được hiến tạng khi có nguyện vọng và được đồng ý | C8: https://tuoitre.vn/de-xuat-nguoi-duoi-18-tuoi-duoc-hien-tang-khi-co-nguyen-vong-va-duoc-dong-y-100261021092718637.htm | D8: 7 | E8: 3 | F8: liberia2010 | G8: 9 | H8: https://voz.vn/p/44092989/ | I8: 2026-10-22 06:29 | J8: Đề xuất con cháu bò ủng hộ 100% để làm lốp dự phòng cho con cháu IQ cow.
A9: 1 | B9: Đề xuất người dưới 18 tuổi được hiến tạng khi có nguyện vọng và được đồng ý | C9: https://tuoitre.vn/de-xuat-nguoi-duoi-18-tuoi-duoc-hien-tang-khi-co-nguyen-vong-va-duoc-dong-y-100261021092718637.htm | D9: 8 | E9: 3 | F9: xChabge | G9: 10 | H9: https://voz.vn/p/44093008/ | I9: 2026-10-22 06:34 | J9: Bên thread đang ầm lên vụ cho trẻ em điền form lấy ý kiến việc hiến tạng, khuyến khích tự điền không có ai can thiệp https://www.threads.com/share/BAUg_ztRt2/
A10: 1 | B10: Đề xuất người dưới 18 tuổi được hiến tạng khi có nguyện vọng và được đồng ý | C10: https://tuoitre.vn/de-xuat-nguoi-duoi-18-tuoi-duoc-hien-tang-khi-co-nguyen-vong-va-duoc-dong-y-100261021092718637.htm | D10: 9 | E10: 3 | F10: Chihiro Onitsuka | G10: 11 | H10: https://voz.vn/p/44093028/ | I10: 2026-10-22 06:38 | J10: chịu trách nghiệm hình sự như trên 18 tuổi bố ơi người ta nói chịu tương đương chứ có nói không chịu đâu bố
A11: 1 | B11: Đề xuất người dưới 18 tuổi được hiến tạng khi có nguyện vọng và được đồng ý | C11: https://tuoitre.vn/de-xuat-nguoi-duoi-18-tuoi-duoc-hien-tang-khi-co-nguyen-vong-va-duoc-dong-y-100261021092718637.htm | D11: 10 | E11: 3 | F11: chelsea.no1.hp | G11: 12 | H11: https://voz.vn/p/44093040/ | I11: 2026-10-22 06:44 | J11: Có nguồn tạng free tươi rói khg bệnh tật cho các ngài
A12: 1 | B12: Đề xuất người dưới 18 tuổi được hiến tạng khi có nguyện vọng và được đồng ý | C12: https://tuoitre.vn/de-xuat-nguoi-duoi-18-tuoi-duoc-hien-tang-khi-co-nguyen-vong-va-duoc-dong-y-100261021092718637.htm | D12: 11 | E12: 3 | F12: DMTTCM | G12: 13 | H12: https://voz.vn/p/44093053/ | I12: 2026-10-22 06:48 | J12: Thằng đề xuất mà ở các nước tư bổn là đi tù mọt gông rồi
A13: 1 | B13: Đề xuất người dưới 18 tuổi được hiến tạng khi có nguyện vọng và được đồng ý | C13: https://tuoitre.vn/de-xuat-nguoi-duoi-18-tuoi-duoc-hien-tang-khi-co-nguyen-vong-va-duoc-dong-y-100261021092718637.htm | D13: 12 | E13: 3 | F13: 章若楠 -Zhāng Ruò Nán | G13: 15 | H13: https://voz.vn/p/44093100/ | I13: 2026-10-22 06:56 | J13: +1 lý do nằm ngửa thẳng cẳng hai chân nhé. dưới 18 ăn ngủ học hành còn chưa xong, biết clj mà hiến.
... A277: 19 | B277: Hà Nội vào mùa kiến ba khoang, cảnh báo sai lầm khiến da tổn thương nặng | C277: https://dantri.com.vn/suc-khoe/ha-noi-vao-mua-kien-ba-khoang-canh-bao-sai-lam-khien-da-ton-thuong-nang-20261022091909262.htm | D277: 1 | E277: 1 | F277: NamLong0201 | G277: 3 | H277: https://voz.vn/p/44099803/ | I277: 2026-10-22 14:56 | J277: @Kiến Ba Khoan͏g

Sheet Bang ngang
A1: Hang | B1: Tieu de | C1: Link bai bao | D1: Link thread | E1: Replies | F1: Tong Ung | G1: Top 1 | H1: Top 2 | I1: Top 3 | J1: Top 4 | K1: Top 5 | L1: Top 6 | M1: Top 7 | N1: Top 8 | O1: Top 9 | P1: Top 10 | Q1: Top 11 | R1: Top 12 | S1: Top 13 | T1: Top 14 | U1: Top 15 | V1: Top 16 | W1: Top 17 | X1: Top 18 | Y1: Top 19 | Z1: Top 20
A2: 1 | B2: Đề xuất người dưới 18 tuổi được hiến tạng khi có nguyện vọng và được đồng ý | C2: https://tuoitre.vn/de-xuat-nguoi-duoi-18-tuoi-duoc-hien-tang-khi-co-nguyen-vong-va-duoc-dong-y-100261021092718637.htm | D2: https://voz.vn/t/de-xuat-nguoi-duoi-18-tuoi-duoc-hien-tang-khi-co-nguyen-vong-va-duoc-dong-y.1290864/ | E2: 383 | F2: 620 | G2: [3 Ung] @m0use00: Hiện tại có một số thông tin chưa được kiểm chứng về phiếu lấy ý kiến trẻ em gì đó. Mong các bậc phụ huynh lưu ý cho con em trong nhà, tránh bị kẻ xấu lợi dụng | H2: [3 Ung] @Peanut1606: Bao giờ cho bọn 14 tuổi chịu trách nghiệm hình sự như trên 18 tuổi rồi nói chuyện | I2: [3 Ung] @No Mercy: Sau khi đọc hết 4 câu hỏi lấy ý kiến trẻ em thì t rút ra 1 kết luận như sau: Hãy ráng kiếm 1 đứa con nuôi có đặc điểm sinh học càng giống mình càng tốt. Đến khi nó đủ 18 tuổi thì đá đít nó ra khỏi nhà, kiếm đứa khác. Cứ như vậy thì sẽ có nguồn tạng dự phòng bất trắc của bản thân tới cuối đời. | J2: [3 Ung] @cttt: Thực tế là anh rất ngu luật. TNHS đéo phải là trên 18 tuổi mà là trên 14 tuổi rồi. Tuy nhiên, chỉ là mức độ xử lý sẽ được giảm nhẹ khi dưới 18 tuổi. Như case kinh điển là thằng luyện. Nó vẫn chịu trách nhiệm, vẫn phải đi tù nhưng ko bị án chữ thôi. Còn vẫn án số, nó cũng bị max án số Theo Điều 12 Bộ luật Hình sự 2015 (sửa đổi, bổ sung 2017), độ tuổi chịu trách nhiệm hình sự tại Việt Nam được quy định gồm 3 mốc: người từ đủ 16 tuổi trở lên chịu trách nhiệm về mọi tội phạm; người từ đủ 14 đến dưới 16 tuổi chỉ chịu trách nhiệm về một số tội rất nghiêm trọng hoặc đặc biệt nghiêm trọng; người dưới 14 tuổi không phải chịu trách nhiệm hình sự | K2: [3 Ung] @cttt: PHẢN ĐỐI cái luật này. Và thằng nào nghĩ ra "đề xuất" thì bắn bỏ luôn | L2: [3 Ung] @Peanut1606: còn anh là thằng đại ngu . Thế thằng 14 tuổi được làm những việc như thằng trên 18 tuổi không ? | M2: [3 Ung] @liberia2010: Đề xuất con cháu bò ủng hộ 100% để làm lốp dự phòng cho con cháu IQ cow. | N2: [3 Ung] @xChabge: Bên thread đang ầm lên vụ cho trẻ em điền form lấy ý kiến việc hiến tạng, khuyến khích tự điền không có ai can thiệp https://www.threads.com/share/BAUg_ztRt2/ | O2: [3 Ung] @Chihiro Onitsuka: chịu trách nghiệm hình sự như trên 18 tuổi bố ơi người ta nói chịu tương đương chứ có nói không chịu đâu bố | P2: [3 Ung] @chelsea.no1.hp: Có nguồn tạng free tươi rói khg bệnh tật cho các ngài | Q2: [3 Ung] @DMTTCM: Thằng đề xuất mà ở các nước tư bổn là đi tù mọt gông rồi | R2: [3 Ung] @章若楠 -Zhāng Ruò Nán: +1 lý do nằm ngửa thẳng cẳng hai chân nhé. dưới 18 ăn ngủ học hành còn chưa xong, biết clj mà hiến. | S2: [3 Ung] @spideynolove: giờ matcha đề xuất gì cũng thông r, đám nghị gật k còn gì để làm nên nghĩ ra mấy trò con bò để XH chửi | T2: [3 Ung] @0P.Aokji: già thì hiến đất trẻ thì hiến sức lao động 25k/h con nít thì hiến tạng ôi chuyện gì đang xảy ra vậy | U2: [3 Ung] @luvFany: bọn này điên cmnr, dưới 18 nguyện vọng hiến tạng cdg vậy | V2: [3 Ung] @Tewi3k: Quá súc vật, tôi sẽ treo bot spam đơn | W2: [3 Ung] @skywave: đặc sản.... cái đéo gì xuống cũng áp chỉ tiêu, thành tích. mệt cả người triển khai lẫn thực hiện. | X2: [3 Ung] @voztechnology: Nay lên thread thấy tụi nó nói vụ này quá trời mới biết, chửi cảng ko ra cái gì luôn | Y2: [3 Ung] @[gadibo]: mẹ kiếp bọn xúc vật | Z2: [3 Ung] @Leecn2301: ĐÚng là cảm giác nó cứ giống a hai và có độ trễ như BĐS. NHờ năm nào đọc cái tin kiểu tạng này có đội nó nhận con nuôi để cho hợp phát luôn cơ. Sau tất cả thì loại người vẫn ác hơn thú
A3: 2 | B3: 'Kiến trúc sư' của web Xôi Lạc TV chính là bình luận viên Batman | C3: https://tienphong.vn/kien-truc-su-cua-web-xoi-lac-tv-chinh-la-binh-luan-vien-batman-post1887252.tpo | D3: https://voz.vn/t/kien-truc-su-cua-web-xoi-lac-tv-chinh-la-binh-luan-vien-batman.1290868/ | E3: 212 | F3: 234 | G3: [3 Ung] @William Đệ III: Mấy cái web lởm phổ thông ăn cắp này cũng có kiến trúc sư cơ à. Ngứa cái đít thế. | H3: [3 Ung] @CAPTCHA VKL: Chịu tải mấy chục nghìn đến trăm nghìn người streaming video 1 lúc thì ko còn là web lởm, phổ thông nữa đâu mai fen | I3: [3 Ung] @ConThoTrang_Yoshida: lởm á, web lúc peak lên vài chục k người xem streaming mà a nói như cái blog vườn vậy | J3: [3 Ung] @tungthanh500: Đh bkhcm hồi xưa đến đợt đăng ký môn học là tèo. Vậy mà thím còn chê lởm? | K3: [3 Ung] @Tommy Oliver: Đến trước khi sụp thì web nó vẫn mượt hơn hẳn hàng cúng cụ | L3: [3 Ung] @luongnguyen1993T: chưa nói đến cơ sở hạ tầng, video bắt bno thì bảng phòng họp lên phương án về tiếp cận, chăm sóc khách hàng, insight khách hàng, thị trường còn chuyên nghiệp cặn kẽ hơn nhiều so với mấy ông nhà đài dựa hơi | M3: [3 Ung] @Toda Erika: Batman in Arkham ah | N3: [3 Ung] @0903403999: Công Định => Động Kinh Bố mẹ đặt tên con thế này chết dở | O3: [3 Ung] @cubota: vài chục k là thế nào hồi chung kết wc2022 phải lên đến cả triệu | P3: [3 Ung] @bangaiMrY: mấy web này mà lởm thì mấy app của thằng fpt, vtv toàn cứt hết | Q3: [3 Ung] @Kurt...Cobain: Man đần giờ đá ko có bộ đôi bat-thỏ xem nhạt vkl | R3: [3 Ung] @vandeptrai: xin infor những web theo a là không lởm nào( nếu mà do a tạo ra thì càng tốt) | S3: [3 Ung] @nhozkk97: Từ khi mấy web lậu này bị phá cũng bỏ thói quen xem bóng đá đêm, vào mấy app chính thống mỗi ông thầu một giải, gói xem thì lằng nhằng, chả muốn mua xem nữa. | T3: [3 Ung] @William Đệ III: Hệ thống không phổ thông như IoT, Stream Data, Stream P2P, điểu khiển máy từ xa với Ultra cực low latency... mới cần kiến trúc sư. Còn ba cái hàng fake này bọn sinh viên nó làm, xong thuê hạ tầng có sẵn làm cho cả lô khách hàng giống nhau. Quái gì đâu mà kiến trúc sư ngứa hết cả lông dái. | U3: [3 Ung] @tripletap: Tôi giờ chỉ xem hai lai trên zootube thôi, không xem nổi cả trận | V3: [3 Ung] @Kate Ryna Marion: xoilac batman là xoilac gốc, nhưng sau bọn nó đổi thành vebo hay 90p rồi fen. Xoilac của đám Roy là bên khác, giờ vẫn còn. | W3: [3 Ung] @TruongPhamDBK: Anh nghĩ ngắn quá, nghĩ "kiến trúc sư" chỉ là nói đến chuyện làm ra cái web thôi à? Nó thiết kế và vận hành cả 1 tổ chức, từ nhân sự đến kỹ thuật, tiếp cận khách hàng, nền tảng thanh toán, ăn chia lợi nhuận, chạy quảng cáo, như kiểu giám đốc công ty, chứ không phải thằng IT quèn đâu. | X3: [3 Ung] @William Đệ III: Vl cả kiến trúc sư. Sáng ra đã gặp mẹ thằng ngáo. | Y3: [3 Ung] @vandeptrai: bầu trời không phải hình tròn đâu a, nếu như vậy thì a chỉ là thằng thợ code, ăn và code rồi được trả lương tháng thôi so thế nào được với tụi này mà gáy ))) | Z3: [3 Ung] @WSS: Anh thật sự nghĩ chỉ "liều" mà ăn cái mỏ vàng này được tận 8 năm, trụ sở ở VN à : )) Chống lưng hơi bị mạnh. Đến lúc thì lôi ra thịt lấy thành tích thôi = )
A4: 3 | B4: Tuấn Hưng: "Nếu không thích Tuấn Hưng, xin hãy phê bình Tuấn Hưng" | C4: https://phunumoi.net.vn/tuan-hung-neu-khong-thich-tuan-hung-xin-hay-phe-binh-tuan-hung-d381885.html | D4: https://voz.vn/t/tuan-hung-neu-khong-thich-tuan-hung-xin-hay-phe-binh-tuan-hung.1290986/ | E4: 128 | F4: 97 | G4: [3 Ung] @Thầy Phán: anh tau cay tml tltv lắm rồi đấy | H4: [3 Ung] @phieuvn: phê bình xong sợ anh cắt gân | I4: [3 Ung] @DMTTCM: Thằng tiến mắt trắng ko biết có ai bảo kê đằng sau mà đi chửi đổng khắp nơi vẫn ko bị xích cổ | J4: [3 Ung] @Thầy Phán: hưng gân nói nó có chống lưng mà | K4: [3 Ung] @Ryu Kenshin: Thằng chui chạn mất gốc | L4: [3 Ung] @AAdolf: Khen cũng được, chê cũng được, đừng bơ anh Hưng là được, bơ ảnh ảnh không kiếm được tiền. | M4: [3 Ung] @okamoto001: Đời a viên mãn mẹ rồi còn quan tâm gì miệng lưỡi thiên hạ, chó sủa đổng nhỉ. Trẻ thì ăn chơi, sự nghiệp lẫy lừng, già lấy vợ có điều kiện, ăn chơi, rồi giờ sang mỹ để con cái ăn uống tp sạch, hít bầu không khí sạch, hưởng giáo dục số 1 thế giới. Bản thân vẫn có việc đi hát ra tiền. Đám ma, đám cưới, thôi nôi hay gì thì kệ mẹ ra tiền là đc, sân su quan tâm chi nữa | N4: [3 Ung] @DMTTCM: Phe tiền | O4: [3 Ung] @okamoto001: Biết người ta kiếm dược bao nhiêu mà nhục hả thím, hơn nữa có việc làm có tiền ăn tiêu chả hơn là ngồi chơi à, với nghề hát thì đi hát thôi chả nhẽ đi làm tay chân được ít tiền hơn!! Kiếm tiền chính đáng có gì mà nhục | P4: [3 Ung] @matran241091: bị tấn công mạng đến mức phải đính chính mà không nhục ?? | Q4: [3 Ung] @Thích Lòng Lợn: Nhưng công nhận stt của anh viết văn như hành kinh vậy! | R4: [3 Ung] @Quan58654: Bưng bô cho lắm rồi cuối cùng vẫn phải té sang tư bẩn hết, chỉ có loser như bọn tao là bị bỏ lại ở thiên đường | S4: [3 Ung] @okamoto001: người nổi tiếng sống nhờ fame thì chấp nhận thôi thím, có ai hoàn hảo đâu có khen có chê, mặt dày kiếm tiền hưởng htụ, không dính vào pháp luật là ok rồi | T4: [3 Ung] @haylamem: Toàn thằng gato Hưng gân vào gáy bẩn. Chứ đời Hưng sang nửa sau rồi, hát vì đam mê lại có tiền dưỡng già ở nước top1 TG. Kệ lũ ở nc TG thứ 3 gáy bẩn thôi. Giờ Hưng hơn Mạnh cái logo đại bàng rồi Mạnh chỉ biết ước | U4: [3 Ung] @ưu tửu ảnh: với tính của a hưng tao thì chờ có quốc tịch mẽo là a bay về hà nội cắt gân thằng then nong ti di ngay | V4: [3 Ung] @Siêu Chuối 2626: Viên mạn lìn gì sắp đến giỗ đầu của mẹ đẻ mà còn không dám về VN để làm giỗ cho mẹ | W4: [3 Ung] @Love_Condom: Khả năng có acc. ở đây Muốn dc nhập tịch chắc a phải điên cuồng hơn nữa mới dc | X4: [3 Ung] @Tsuburaya Mitsuhiko: thấy đồn có súng dài chống lưng mới mạnh mồm thế. mà đù má bọn súng dài giờ khác đéo gì kiêu binh hãn tướng đâu: Trung, Tuấn, Can, Kiền tứ đại thiên vương.... gì chứ vụ này tôi ủng hộ bác 3 cửa mạnh tay chơi chết mẹ bọn súng dài mất dạy đi | Y4: [3 Ung] @vienngocden5: Đèo mẹ, tôi đéo quen biết gì hưng gân, cũng đéo phải fan, nhưng đọc cái còm ếch ngồi đáy giếng này ngứa cả đít. Hắn sang đéo phải để hát kiếm tiền, có nhiều lí do. Chứ tiền ở vn hắn thiếu đéo gì mà phải đi. Dù có sang mẽo thì hắn cũng vẫn đang lao động, bằng sức của hắn, ăn cắp ăn trộm của ai mà nhục ? Cái cộng đồng mạng fb nhà anh khác đéo gì bầy chó đàn, chỉ đâu cắn đấy, có tư duy là thiểu số, còn lại thì bị xỏ mũi dắt đi như bò, có cái giá trị đéo gì đâu mà nhục. Hắn cũng ở mẽo rồi, đính chính là để giữ fame, tránh bị ignore thôi, anh làm như cái cộng đồng của anh sứt được bát cơm của hắn ấy mà sợ tới mức phải đính chính. Các anh có thể chê hưng gân nhạc như lol, nghiệp ngập, bong bánh, tư cách sống-đạo đức như lol, đỏ fake... nhưng cũng buộc phải nhìn nhận là hắn đã có 1 cuộc đời, và những trải nghiệm phong phú và thành công hơn số đông rồi. Ca sĩ nổi tiếng, c… | Z4: [3 Ung] @matran241091: tôi éo bảo sang Tây là nhục để không bị mất số fame còn lại thì nó tốt nhất là ở ẩn, chứ đi hát đến độ bị tấn công mạng, trang cá nhân thì khóa bình luận , mất mẹ danh tiếng đã xây thời gian qua thì đúng là đi vào lòng đất ca sĩ sống vì fame, mất fame mà không nhục thì tôi không biết the gọi là gì nữa
A5: 4 | B5: Bắt khẩn cấp nam sinh cấp 3 đấm cô giáo trên bục giảng ở Hà Nội | C5: https://dantri.com.vn/phap-luat/bat-khan-cap-nam-sinh-cap-3-dam-co-giao-tren-buc-giang-o-ha-noi-20261021101714519.htm | D5: https://voz.vn/t/bat-khan-cap-nam-sinh-cap-3-dam-co-giao-tren-buc-giang-o-ha-noi.1290619/ | E5: 306 | F5: 335 | G5: [3 Ung] @chimtokolochetdoi: nhiều thằng/con thợ dạy mất dạy lắm tôi cũng muốn đấm lắm nhưng chỉ nghĩ trong đầu thôi, còn hành động thì dù lý đúng hay sai cũng là sai | H5: [3 Ung] @newmoonZ: Sao ko để em viết bản kiểm điểm mà lại bắt em vậy | I5: [3 Ung] @Leopold123: bị đấm là đúng, vì để fen có suy nghĩ như vầy cũng là 1 thất bại trong nghiệp vụ rồi | J5: [3 Ung] @danglinh3009: Đấm là đúng rồi. Không có gì là sai cả. Sai với pháp luật nhưng đúng về đạo đức. | K5: [3 Ung] @chimtokolochetdoi: nghiệp vụ của mấy thằng / con thợ dạy có ra gì đâu, miệng thì lúc lol nào cũng phải đòi xem như "cha là mẹ" nhưng tiền thì nhận éo thiếu, 20/11 ngày xưa nhà tôi nghèo đi quà có gói bột ngọt mà tụi nó đay nghiến mấy tuần sau đó, thà như nước ngoài, thợ dạy chỉ là thợ dạy, tiền trao cháo múc , tình nghĩa xạo quần làm gì cho mệt | L5: [3 Ung] @minhladan9x: Cô giáo của bạn bị đấm là đúng, vì dạy ra 1 thứ mất dạy như thế này. | M5: [3 Ung] @Iponien: nhiều con/thằng thợ dạy cũng mất dạy lắm các fen, không phải ai mang mác giáo viên cũng cao quý đâu, vợ tôi từng là nạn nhân của mấy con ngáo quyền lực này nhưng chọn cách chuyển trường chứ không phải nổi điên như thanh niên trên kia. | N5: [3 Ung] @The Sailer: này ở nhà cha mẹ ông bà nói nặng chắc thằng này có ngày nó đấm cho phụt máo luôn ấy nhỉ | O5: [3 Ung] @The Sailer: 2 vấn đề khác nhau thì mang vào thể hiện gì thanh niên? | P5: [3 Ung] @minhladan9x: Sao ở đây có lắm thằng bắt đầu đổ lỗi cho nạn nhân thế nhỉ? Mặc dù chưa biết câu chuyện thế nào Kiểu như ở VOZ này cứ phải ngược ngược dòng 1 tí nó mới thể hiện được đẳng cấp là 1 vozer vậy | Q5: [3 Ung] @Iponien: thì tôi nói nó liên quan đâu, thằng kia bị bắt là đúng rồi vì đấm người là vi phạm pháp luật. còn lại tôi bàn về đạo đức nhà giáo chứ liên quan gì? đọc hiểu có vấn đề à? | R5: [3 Ung] @alucard209: đạo đức nhà giáo mời qua thớt khác, vào thớt nói chuyện ko liên quan để thể hiện cái gì, thể hiện mình cũng ko thua kém mấy đứa thợ dạy hay hậu quả của mấy đứa thợ dạy đó | S5: [3 Ung] @Iponien: luật nào của diễn đàn cấm tôi không được bàn chuyện khác trong thớt này? | T5: [3 Ung] @jumper: đấm là đúng,, dạy ra được đứa thất bại ntn thì bị đấm là xứng đáng | U5: [3 Ung] @alucard209: luật ko cấm nhưng đừng thể hiện mình là 1 đứa học sinh của mấy thằng thợ dạy "ko có dạy" như trong câu chuyện của fen | V5: [3 Ung] @minhladan9x: Cũng không có luật nào cấm ăn cứt cả. | W5: [3 Ung] @chimtokolochetdoi: nói chứ ngày xưa mà xác định chuyển trường thì tôi cũng đấm hết đám thợ dạy rồi, mà ngày xưa nhà nghèo quá nên chấp nhận cho tụi nó sỉ nhục bao năm đi học mấy a trong đây bớt đạo đức giả xaolol đi, mỗi người mỗi cảnh hiểu thế chó nào được, đừng dùng cùng hệ quy chiếu của mình vào 1 sự vật sư việc, nó như con ếch vậy | X5: [3 Ung] @happycoder: Đã bắt thằng quay và phát tán video chưa | Y5: [3 Ung] @DepDinhCutDo: Vliz. Vozer đã vô đòi đấm thầy cô rồi. | Z5: [3 Ung] @Iponien: :lol: thể hiện chỗ nào, đây là vấn đề có thật với một cơ số người gắn mác giáo viên, đừng nghĩ ai mang danh nhà giáo cũng cao quý, đây là diễn đàn xã hội dân sự và tôi có thể nêu ra bất cứ quan điểm nào mà pháp luật hay quy định diễn đàn không cấm. tôi mới không hiểu anh đang cố thể hiện cái gì ở đây
A6: 5 | B6: Xe taxi quyết không nhường đường ô tô đi ngược chiều, dẫn đến tai nạn đối đầu | C6: https://thanhnien.vn/xe-taxi-quyet-khong-nhuong-duong-o-to-di-nguoc-chieu-dan-den-tai-nan-doi-dau-185261021112140398.htm | D6: https://voz.vn/t/xe-taxi-quyet-khong-nhuong-duong-o-to-di-nguoc-chieu-dan-den-tai-nan-doi-dau.1290820/ | E6: 297 | F6: 158 | G6: [3 Ung] @vtproduction2: nhường tốc k nhường đường mà các anh trên phê búc vẫn hay bảo đây hả | H6: [3 Ung] @ghostlab: đi ngược chiều mà cứ như đang đi trên đường của nhà mình làm ra ấy nhỉ... | I6: [3 Ung] @dungmax_ver2.0: Ý thằng nhà báo là gì? Giờ đổ tội cho thằng đi đúng đường à? | J6: [3 Ung] @i5-4210u: mạt vận, khổ thân anh xanh | K6: [3 Ung] @HarryMaguire: tôi đi đường cũng hay húc thẳng mặt thằng nào dám đi ngược chiều,còi k tránh là đâm | L6: [3 Ung] @chuadaonguyen: Đúng đường không thôi là chưa đủ đâu, | M6: [3 Ung] @dungmax_ver2.0: Vấn đề là cái giọng điệu của cái tít kìa. | N6: [3 Ung] @katykaty: case này taxi lỗi gì ta ? lại giống vụ TN à ? | O6: [3 Ung] @dungmax_ver2.0: Phân tích lỗi thì tôi không nói. Nhưng cái tít rất mất dạy. | P6: [3 Ung] @sterob23: Cái tít viết cứ như là tai nạn xảy ra là do lỗi không nhường đường ấy | Q6: [3 Ung] @toilathogo: Vl mâý a trên, nói như mấy a thì ra đường gặp người vượt đèn đỏ cứ tông thoải mái vì các a đi đúng luật á Ai đi sai luật thì có conan xử, mâý a quyền gì tông người ta | R6: [3 Ung] @vaovozchidedoc: Chừng nào còn xử phạt tài xế Xanh thì chừng đó xã hội chưa phát triển được, theo tôi là thế. Tôi mà là ông Xanh tôi cứ bảo lúc ý buồn ngủ quá, không biết chuyện gì xảy ra. Trông mấy con chó đi sai, gây hậu quả cho xe khác cay lắm, | S6: [3 Ung] @EdenResident: Tao lái xe ở Mỹ, đi đúng phần đường, đúng tốc độ. 1 thằng xe khác từ đường nhỏ lao ra trước mặt. Tao tông thẳng vào nó. Tao gọi báo bảo hiểm của tao. Họ nói cứ yên tâm. Thằng kia lỗi 100%. Sau đó cảnh sát đến lập biên bản. Họ cũng nói tao đéo có lỗi cứ việc đi. Thằng kia ăn cái ticket. Ngay ngày hôm sau bảo hiểm của thằng kia gọi đến thương lượng bồi thường cho tao. Luật Mỹ là rõ ràng vậy đó. Mày vào giao lộ đúng đèn xanh đúng tốc độ thì có tml nào vượt đèn đỏ mà mày tông nó thì nó phải đền cho mày và nó ăn cái ticket. Mà kể cả mày chạy quá tốc độ mà tông thằng vượt đèn đỏ thì nó vẫn phải đền cho mày. Còn lỗi mày quá tốc độ thì cảnh sát cho mày cái ticket riêng. Chỉ có luật VN là ncl thôi. Trường hợp trong bài mà ở Mỹ thì thằng xe trắng ăn cho hết. Thằng xanh về đi khám cổ, cột sống lấy giấy bs rồi chờ bảo hiểm của thằng trắng đem tiền tới cúng. | T6: [3 Ung] @godfather3005_ver2: Ý nhà báo là tham gia giao thông cần đảm bảo an toàn, tránh tai nạn. Nó là tư duy làm luật nhiều nước. Kiểu như anh có đủ thời gian và hành động để tránh tai nạn nhưng không làm thì anh cũng có lỗi. Nhưng công nhận cái title rất ngu học title thì đăng kiên quyết không nhường đường nhưng trong bài thì lại ghi từ video chưa xác định được. | U6: [3 Ung] @vaovozchidedoc: Tôi sang Châu Âu, về kể là cứ đèn đỏ -> xanh là dân họ vít hết ga hết số để đi chứ không phải dè dặt quan sát mấy phía như như ở mình mà còn bị bỉ bôi | V6: [3 Ung] @Đổi Màu Cuộc Sống: Lol mẹ lều báo giờ đi đúng đường đúng luật bị nó húc cũng Sủa | W6: [3 Ung] @nguyenducthinh1911: Bởi vậy giao thông xứ này mới nát như c đó anh. Nói chi xa qua thằng Malay kìa! Đi đường nhánh mà rẽ vào đường chính thì cứ chờ tới khi nào vắng xe mới được nhập nhé, còn mày nhập vào lúc có xe đang tới thì ăn đủ thôi. Và khi luật pháp được áp dụng công bằng cho mọi người, đúng ra đúng sai ra sai thì mọi người đều được hưởng lợi. | X6: [3 Ung] @dungmax_ver2.0: Cái đó tuỳ hiện trường thôi phen, khả năng xanh cũng có lỗi. Tôi bức xúc cái tít mất dạy của thằng lều như kiểu đổ cho tai nạn là do thằng xe xanh ấy. Nghe rất ngứa đít | Y6: [3 Ung] @hieuthao: Chỉ biết ước | Z6: [3 Ung] @cttt: Hôm trước tôi xem cái clip bên tàu. Thằng đi sai cố tính vượt. Thằng đi đúng nó cáu nó ủi thẳng thằng đi sai luôn. Bên nó cứ đi sai là bồi thường. Kể cả thằng đi đúng cố tình đâm vẫn được bồi thường và ko có lỗi j hết. Luật phải như thế thì chúng nó mới ko dám đi sai. Mày chết do lỗi của mày thì kệ cm mày. Mày vẫn phải đền cho thằng đúng
A7: 6 | B7: Thói quen húp cạn nước phở: Đã miệng một lúc, hại thận và tim cả đời | C7: https://vov.vn/doi-song/thoi-quen-hup-can-nuoc-pho-da-mieng-mot-luc-hai-than-va-tim-ca-doi-post1343592.vov | D7: https://voz.vn/t/thoi-quen-hup-can-nuoc-pho-da-mieng-mot-luc-hai-than-va-tim-ca-doi.1290967/ | E7: 58 | F7: 49 | G7: [3 Ung] @AAdolf: "Hup can nuoc pho" thì hại đúng rồi. | H7: [3 Ung] @nguyenlx9619: phở tiệm giờ cho gia vị khiếp hồn. Ăn bánh phở với thịt rồi dẹp | I7: [3 Ung] @solana123: nhiều người ko phân biệt đc "ăn mặn" với "ăn nhiều muối". Cứ bỏ 1 đống muối vô xong thêm thật nhiều nước cho nó nhạt lại. Sau đó húp cạn nước và cho đó là ăn nhạt, tốt hơn ăn mặn | J7: [3 Ung] @SGAtheONE: có phải riêng phở đâu, nội dung kiểu này độc hại vl cái Ion Natri nó có ở rất nhiều phụ gia thực phẩm không chỉ riêng cái muối NaCl đâu cứ ăn thật nhiều gia vị, đậm vị, chuẩn vị là dính hết chẳng qua 60 tuổi mới phát bệnh nên coi là bệnh người già nhưng mà thời bây giờ chắc phát bệnh sớm hơn | K7: [3 Ung] @Chimnonna: đúng là ko nên húp cạn thật, nước dùng hàng quán toàn nước đểu cho gia vị vào lừa mồm, chứ làm gì có nước ninh xương bò 12 tiếng | L7: [3 Ung] @teole: năm nào cũng thấy tít báo thế này mấy lần nhỉ 5g muối/ngày trong dài ngày là ngưỡng có hại, còn 5g muối/ngày 1 vài ngày cũng chả ảnh ưởng ngoài ra ăn 2g muối tinh thì rất có hại, nhưng 2g muối hoà tan trong 500ml nước thì thận vẫn có đủ nước để bài tiết natri, nên cũng chả ảnh hưởng gì giống như ăn hoa quả, có rất nhiều đường nhưng kèm theo rất nhiều chất xơ giúp cơ thể chậm chuyển hoá nên chả hại gì tóm lại là bài báo đánh lận con đen, click bait câu view câu traffic | M7: [3 Ung] @coreiN: Tôi thấy tụi Nhật ăn Ramen còn mặn hơn phở mà nó húp lấy húp để. Ăn xong còn xin thêm chén cơm để chan canh ăn. | N7: [3 Ung] @Trịnh Bá Hàm: Này là tư duy kiểu cũ, cho rằng nước cốt là tốt nhất, dinh dưỡng xác phở bị chiết ra nên phải húp hết, còn húp hết ra vẻ ngầu nữa. | O7: [3 Ung] @Trịnh Bá Hàm: Mà ngoài lề chút, muối vốn tốt cho sức khỏe chỉ hại khi dùng nhiều thôi, còn cồn thì hại cả ngắn hạn lẫn dài hạn mà lại không bị đánh truyền thông nhỉ | P7: [3 Ung] @AAdolf: Thật ra tôi thấy cũng đánh truyền thông đấy anh, có ai lên báo nói bia rượu là tốt đâu, toàn thấy bài tác hại của bia rượu không mà. Do người ta nghe mãi cũng nhàm rồi nên không kéo tương tác bằng mấy bài này, nên báo không thèm đăng nữa. | Q7: [3 Ung] @conquyghe: Bọn WHO này toàn khuyên theo tiêu chuẩn bọn châu âu với mẽo, ẩm thực như cc ko hề phù hợp với người Châu Á. Sang Nhật mới thấy mon nước của nó mặn như nào, mà cno còn phải húp hết mới là chuẩn cách ăn. Mà vẫn sống thọ vl. Việt Nam vẫn còn đội tây lên nhiều quá cái gì chúng nó bảo cũng phải là chính xác là tuyệt đối. Như cái khuyên mặn này nọ ai hợp mồm thì cứ ăn thôi, quan trọng nhất phải là vệ sinh ATTP chứ k phải cái nêm gia vị. | R7: [3 Ung] @0903403999: Cái nước mỳ tôm úp full 2 gói muối mỡ mới là mặn Nước phở còn nhạt chán | S7: [3 Ung] @hoa5988: Ai lao động chân tay mệt nhọc ra mồ hồi nhiều thì ăn mặn là chuyện bình thường. Vì cơ thể họ cần muối bổ sung. Còn bây giờ đa số ngồi văn phòng hoặc ít vận động thì nên bớt ăn mặn là đều chính xác. | T7: [2 Ung] @Hoa Ly: Tôi cũng hút cạn nước mì tôm trứng | U7: [1 Ung] @Tsuburaya Mitsuhiko: t ăn toàn bỏ lại 1/3 nước. hôm nọ đi khám bs bảo gout k nên húp nhiều nước này, vì ninh xương lâu nhiều purin lắm Sent from Xiaomi 24117RN76O via VOZVNApp | V7: [1 Ung] @Đời cô Lựu: chắc thằng đăng bài này chưa ăn mì Ramen Nhật và mì Laska gì của Sing ( vừa béo vừa mặn). | W7: [1 Ung] @Yolo22_3: 3l nước ko phải nhiều. | X7: [1 Ung] @sangbuif: đồ ăn gì cũng salt and pepper, xong nã 1 đống cheese, bảo sao nhiều đứa béo phải thở oxy luôn | Y7: [1 Ung] @rex_cafe: Bỏ đọc báo là cách tốt nhất để bảo vệ sức khỏe Được gửi từ myVOZ Next trên Android | Z7: [1 Ung] @Hoakie: Tôi đi công tác Châu Âu thấy ăn đồ của họ cứ đơ đơ khó ăn, chắc họ chỉ cho muối nên thấy không hợp vị
A8: 7 | B8: Xử lý nghiêm ngân hàng không giảm lãi suất | C8: https://tienphong.vn/trai-phieu-nong-giua-luc-lai-suat-ngan-hang-i-ach-ha-nhiet-post1887282.tpo | D8: https://voz.vn/t/xu-ly-nghiem-ngan-hang-khong-giam-lai-suat.1290894/ | E8: 77 | F8: 49 | G8: [3 Ung] @dqsang90_clone: ...Xuống Hố Cả Nút | H8: [3 Ung] @nugget072: Đọc cái tít hài vl | I8: [3 Ung] @kakaka3: sao ko xử lý nghiêm chủ đầu tư không hạ giá BĐS | J8: [3 Ung] @Doanh Chính - Thủy Hoàng: Hôm qua một loạt ngân hàng hết tiền cho vay. KH đang kêu oai oái. Đó là KH doanh thu 600 700 trăm tỷ đó. | K8: [3 Ung] @Xephinhkieumy19: lên thì thấy bài xóa rồi, chắc các nh cũng cay lắm mà thôi bè lũ nó mạnh quá | L8: [3 Ung] @Soldier Boy Prime: cái gì đi ngược với quy luật thị trường thì thường hậu quả sẽ thảm khốc lắm. à mà thảm khốc với ong ve thôi | M8: [3 Ung] @ez-aqua: Giảm lãi suất thì tao đi mua vàng mua USD, mua hàng hóa nhập ngoại như máy tính điện thoại với du lịch nước ngoài lấy trải nghiệm đắp vào người chơi, xài lẹ trước khi lạm phát ập đến, khỏi cần tiết kiệm nữa. | N8: [3 Ung] @nhathao93: Thay vì bắt tụi BDS phải cắt máu, khoanh vùng xủ lý khoản nợ để tránh nổ dây chuyền và chấp nhận đi chậm trong thời kì khó khăn toàn cầu thì họ chọn tiếp tục bơm thêm trái bong bóng. | O8: [3 Ung] @lastsummer: Người ta mất hàng chục, hàng trăm năm để nghiên cứu các học thuyết kinh tế, các mô hình kinh tế, xây dựng các nền kinh tế khác nhau, với những mặt trái mặt phải khác nhau, nhưng chỉ cần hai năm nay, bác thằng Thiên đã cho ra một mô hình mới, nền kinh tế mệnh lệnh, với hiệu quả hô con sái, gọi các học thuyết và nền kinh tế khác là dbrr hết | P8: [2 Ung] @yanlord: NH trong nc thì ko nói, chứ đám nc ngoài thì lấy cc gì xử chúng nó ? | Q8: [2 Ung] @dknyxdie41: Giảm rồi có cái khác + vào. Dễ mà | R8: [2 Ung] @TongthongMy: Cả sự nghiệp chỉ có ra lệnh, nên khi đảm nhiệm 1 vị trí mới thì cũng quen thói thôi. via theNEXTvoz for iPhone | S8: [2 Ung] @mocchiakhoadep: Cô nan làm kinh tế có khác. Đời tao thật sự may mắn khi được chứng kiến 1 thằng bạo chúa nhưng óc làm từ cứt ngoài đời thực | T8: [2 Ung] @hell.cat: Lại thêm 1 thằng đòi khôn hơn hệ thống | U8: [2 Ung] @Vanguard_VietNam: Anh có tiền để gửi tiết kiệm không mà anh lo cho người khác? Như mấy thằng bên chứng khoán, chê gửi tiết kiệm, đánh 2 năm trời không lời mà còn lỗ đầy kìa. | V8: [1 Ung] @FrZ: confirm, nh m vừa đáo sáng nay giảm đc 1.5% so với dự kiến, ko nghĩ là nó giảm thật lun. | W8: [1 Ung] @Bác Tui: thế thì ngân hàng cần đéo gì ban bệ nghiên cứu kế hoạch các thứ nhỉ... Mệnh lệnh thích thì tăng thích thì giảm thôi | X8: [1 Ung] @4603608: Sợ loz gì FED, a ko thấy tháng trk FED tăng lãi nhưng ở đây đang ngược lại đó à. Dăm ba thằng phét phủng chỉ để tráng men. | Y8: [1 Ung] @skydoll: giảm lãi vay thôi chứ đừng giảm lãi gửi nhé các cán bộ | Z8: [1 Ung] @cpt.cypher: Tư bản mới sợ FED, chứ chúng ta chuyên chính vô sản thì sợ gì FED
A9: 8 | B9: CEO PNJ: Công ty cạn tiền vì khách bán lại kim cương gấp 10 lần | C9: https://znews.vn/tieu-diem/pnj.html | D9: https://voz.vn/t/ceo-pnj-cong-ty-can-tien-vi-khach-ban-lai-kim-cuong-gap-10-lan.1290721/ | E9: 133 | F9: 108 | G9: [3 Ung] @AnkCern: Hôm trước thấy có anh hô hào bắt đáy mà. Lỗ dần đều thế này thì... | H9: [3 Ung] @AnkCern: Nói như vậy, tiền của nhà đầu tư mới sẽ trở thành tiền mua lại kim cương. Đến khi cty sập, sau khi thanh toán tất cả các khoản theo luật thì những gì còn lại là kim cương hàng tồn và mấy nhà đầu tư ngồi nhìn. | I9: [3 Ung] @qhai_2009: nhờ ơn cô Moon mới có ngày hôm nay, | J9: [3 Ung] @Dark Harry: Tuy cô Moon láo, nhưng vụ này công đầu thuộc về cô Moon, không có cô thì chả ai biết hàng được phù phép các thứ | K9: [3 Ung] @Michael828: làm ăn bố láo rồi suốt ngày đổ thừa. Làm ăn chính đáng thì cô nào bóc được. | L9: [3 Ung] @skunlii: Cười đám kim cương này, đúng bơm thổi lùa gà. Gãy 1 phát là cắm thẳng đầu vô lòng đất | M9: [3 Ung] @Hello 2015!: Tầm này chắc đem lô đó qua GIA kiểm định lại may ra có người mua. Chứ cái giấy pnj lab bây giờ khác gì giấy chùi đuýt. Hoặc kiếm ông lớn nào ôm giá rẻ cũng được | N9: [3 Ung] @Blackcat911: Kim cương tự nhiên may ra còn có thể bán lại cho các quỹ nước ngoài, chứ nhân tạo thì đem làm chặn giấy thôi . Kinh doanh đá quý bằng chữ tín mà chữ tín đã mất rồi thì đéo ai thèm mua nữa, thiếu gì chỗ khác có thể mua https://tienphong.vn/vang-bac-da-quy-phu-nhuan-dong-loat-cua-hang-post1887208.tpo | O9: [3 Ung] @37VN: Tại ông nào kêu tìm cách Huy động vàng trong dân đấy. Tới lúc dân họ mang hẳn Kim cương + vàng trắng đi bán cho thì lại kêu | P9: [3 Ung] @meoiushi: vàng còn có giá trị trao đổi mua bán chứ cổ phiếu cty nó mà phá sản thì khéo nó còn thua giấy chùi asss nữa ấy chứ | Q9: [3 Ung] @cavalli123: Ăn bao nhiêu năm rồi, buôn kim cương chắc là cái lãi mồm to nhất cmnr. vàng nó còn có giá chung chứ kim cương thì chẳng biết đằng nào mà lần, toàn tiền trăm tỏi | R9: [3 Ung] @PeterBenjaminParker: Phải chi ngày đó thu lại chỗ kim cương ấy - Tiệm Kim Lý | S9: [3 Ung] @luongnguyen1993T: tỉ trọng kim cương, đá quý, trang sức trong danh mục kinh doanh của PNJ quá lớn, mất niềm tin thì làn sóng bán lại hàng k thể ngăn cản nổi, mà cái này cực khó thanh khoản, nếu thuần vàng thì mang vàng đi bán buôn xíu cái là có dòng tiền đỡ lại ngay, nhìn BTMH với BTMC gặp khủng hoảng tương tự nó ôm lại sạch chứ không ngán gì | T9: [3 Ung] @Đừng_Bay_Lần_Nữa: Hóng anh bạn hồi trước cân thớt PNJ kêu nó vẫn khoẻ có chi mô vào phân tích xem còn cứu đc không? | U9: [3 Ung] @BlueHills: 400 tỉ đòi thu 30% còn 280 tỉ thì ai cũng cay vừa gặp hàng giả vừa mất 120 tỉ | V9: [3 Ung] @ChanTieuNhan: Nó ko đơn giản vậy đâu Kim cương của pnj thì là kim cương tự nhiên rồi, vấn đề là thị trường kim cương đã sập mấy năm nay. Trong khi giá pnj mua lại kim cương của khách là rất cao, họ bán kim cương 10đ thì cam kết mua vào giá 9đ Vậy nên pnj đang phải mua lại mớ kim cương cũ với giá trên trời, trong khi bán ra với giá lỗ sml. Bà chủ tịch đang lên kế hoạch phá vỡ cam kết, họ định mua lại kim cương cũ với giá thị trường, thấp hơn giá cam kết rất nhiều | W9: [3 Ung] @vandeptrai: ngành KC ở VN ăn 1 đấm từ bà Hừng thôi mà xuống hố luôn, sợ vl. Sau vụ này a nào mà dám mua KC thì tôi cũng nể | X9: [3 Ung] @Agent Orange: Cái mõm nói liên tục không thể ngừng nên phải qua châu Âu lưu vong, mà qua đó thì cần chi phí sống lớn để giữ nếp sống chanh sả, đem kc bán lấy tiền trang trải cuộc sống. Tiệm KL thấy mụ này phải lưu vong nên tưởng là không thể làm gì được chuyện ở VN nữa nên chơi chiêu, ban đầu là hẹn tới hạn lui không chịu thu để cho mụ H nản, sau đó mới giở chiêu ép giá là giờ thu nhưng mất giá vài chục % chứ không thu với giá cam kết ban đầu. Mụ H cay, thấy KL lợi dụng hoàn cảnh lưu vong để ép mình nên mới hô lên là KL lừa đảo. | Y9: [3 Ung] @zmoonfangz: Chị Moon mua KC ở tiệm kim lý, C đem ra nước ngoài bán lấy tiền tiêu vặt (lí do k biết) nhưng bị giám định là hàng giả, C về kim lý đòi bán lại nguyên giá. Tiệm k chịu, chỉ thu thấp hơn giá ban đầu C cay cú, đập thêm tiền vào khui toàn bộ ngành KC của VN - có giấy giám định của PNJ Lab đều là hàng pháp sư -> Toàn bộ niềm tin của dân về hệ thống giám định kc về mo, dân đồng loạt bán lại KC cho PNJ để đòi lại tiền, nhà nước vào cuộc, PNJ buộc phải thu lại 1 mớ KC vô giá (trị) với giá = lúc bán, gãy dòng tiền Đoạn gãy dòng tiền thi k cần giải thích nhé, thật ra ô bán sạch mà bị return cũng gãy thôi Cái đấy là tất yếu. N chỉ hài ở chỗ là câu chuyện n chỉ đơn giản từ việc bán 1 cái nhẫn | Z9: [3 Ung] @Omezgardto: Cũng ai biểu bọn kia làm bậy thật chi, k làm bậy cứ trong sạch thật thì đâu có để hở sườn cho bả chọt chính xác. Bọn kia lừa cả nước đông lào này thì việc bả làm lần này lại đáng vinh danh. Việc gì ra việc đó, có cái đáng chửi có cái ok thì vẫn ok.
A10: 9 | B10: Australia đang xem xét hồ sơ lập hãng bay của Vietjet | C10: https://tapchihangkhong.vn/hang-hang-khong-moi-cua-vietjet-tai-australia-co-the-bay-den-nhung-dau-d13755.html | D10: https://voz.vn/t/australia-dang-xem-xet-ho-so-lap-hang-bay-cua-vietjet.1290310/ | E10: 154 | F10: 200 | G10: [3 Ung] @ưu tửu ảnh: Nghe nói có biến gì à | H10: [3 Ung] @Bò Đực Dại Khờ: Cô giáo Thảo | I10: [3 Ung] @Shinra_tensei: Thế à. Để xem gói được lửa không | J10: [3 Ung] @Svenska1407: Đang Xem xét hay đang giữ tài sản | K10: [3 Ung] @Xephinhkieumy19: 20.10 đầy ý nghĩa của Madam Thao | L10: [3 Ung] @huycreative: Sáng giờ thấy tên cô giáo Thảo xuất hiện hơi nhiều | M10: [3 Ung] @Lộc Tục: chị tôi thế mạnh như rồng cuộn hổ ngồi điểm cái bài chị bị phong tỏa tài sản mới dc mấy phút đã bị xóa ko thèm nêu lý do luôn | N10: [3 Ung] @Svenska1407: Tính ra cũng tội VJ có phải tài sản của bả quái đâu mà cứ scandal delay hay gì đó là bị lôi ra chửi xói đầu | O10: [3 Ung] @Ryu Kenshin: Vin cũng coi chừng, cái nhà máy bỏ không bên Mẽo xem lại có hứa hẹn gì không? | P10: [3 Ung] @Hotbojsg_djDBS: Thấy mọi người có tính hay ghen tức, chê bai người khác hay sao đó nhỉ? Thật sự thì VJ mình thấy cũng khá là ok, đi nhiều lần chưa lần nào bị delay. Nếu không có VJ thì hãng hàng không trong nước còn mỗi VNA? Mấy cái hãng nhỏ như Pacifiic, Air Asia, Sun, Bamboo (lụi tàn) thì đường bay ít mà dịch vụ cũng tạm. Cái gì cũng nên có sự cạnh tranh thì mới đẩy mọi thứ lên tốt hơn. Mình thấy VJ là ok không có vấn đề gì để mà cứ thấy bài là nhảy vào chê bai, chà đạp. Không có VJ thì lựa chọn thời gian chuyến bay thích hợp, giá cả, .v..v.. chắc là chán luôn. | Q10: [3 Ung] @elidu4: Lại nhớ vụ VNA bị kiện ở Ý gây thiệt hại hơn 1 triệu đô. Lúc đầu ban lãnh đạo nhây định quịt không luật sư Ý nhưng về sau bị phong tỏa tài sản ở EU là dón ngay. Tuy nhiên vụ VJ này thì thấy có vẻ bị ăn gài, thằng Tây đi mua lại khoản nợ này từ bank rồi lôi VJ ra kiện. | R10: [3 Ung] @BlueHills: Không phải bị gài mà là xui, đợt thuê máy bay dính dịch Covid nên ko có doanh thu thành ra nợ nhiều chi phí, bên cho thuê máy bay thì bán nợ cho các quỹ đầu tư diều hâu chuyên đi kiện, v*nashin cũng từng bị 1 quỹ diều hâu kiện đó fen | S10: [3 Ung] @NguoiToLaiHomNay: Thấy ở bên tối | T10: [3 Ung] @elidu4: Cuộc chơi hội nhập thì phải chịu thôi phen, ta đâu có bật mode Triều Tiên được | U10: [3 Ung] @Wtfyyy: Cái gì ra cái đấy fen ạ. Công ty nó ko đòi được nợ, bán cho bọn chuyên đi đòi nợ thôi. Làm ăn thì chấp nhận chứ ai gài nổi …. Cái quả covid này nhiều nhà kinh doanh còn ra đê ở, may c này ở nhà có đầu gấu chứ làm ăn như c ở chỗ khác cũng đứt r | V10: [3 Ung] @.Unlimited.50: Nhưng tôi không ok, vậy chê bai có được không? Tại sao không đón nhận khen chê để cải thiện mà lại xử lý người khen chê? | W10: [3 Ung] @Tô Tặc: Không biết có thật không, mà có làm thì có duy trì được không. Thảo trước nổi ì xèo vụ tài trợ để đặt tên trường bên Tây xong bùng. Nói chung Tặc mỗ không có niềm tin với đám doanh nhân Namek xuất xứ Đông Âu. | X10: [3 Ung] @CAPTCHA VKL: Nhưng mà anh độc quyền ko cho hãng nước ngoài khai thác đường bay nội địa, xong còn mỗi các hãng trong nước muốn làm mưa làm gió như nào cũng được | Y10: [3 Ung] @newmoonZ: Chính cái mồm mày khẳng định quy luật cạnh tranh nhưng tại sao ko cho người dùng chê để nó cải thiện chất lượng phục vụ ? Mày thấy service nó ok nhưng người khác ko thấy ok thì sao ? Tư duy cam chịu của thằng này nó ngấm vào máu rồi, có mồm ko dc nói, bỏ tiền ra xài dịch vụ bị nó hành như con chó cũng phải ngậm mồm vào. Vì lên tiếng cái là bị nó chụp cái mũ "ghen ăn tức ở", "chê bai người khác" "chà đạp". Mẹ hi vọng mày đéo phải là bò đỏ chứ văn này tao thấy quen vl. | Z10: [3 Ung] @nguoitutexxx: Vj giá vé tầm nửa vna, người ta đi ầm ầm, kể cả bay quốc tế. Nhờ vj tiết kiệm đc ối tiền
A11: 10 | B11: (Dịch) (Quốc tế) Tổ chức an ninh mạng cảnh báo các trang web có thể bị đóng khi PHP chuẩn bị bản vá lỗi quan trọng. | C11: https://www.reuters.com/world/asia-pacific/eu-agency-warns-websites-may-need-be-taken-offline-php-prepares-patches-2026-10-21/ | D11: https://voz.vn/t/dich-quoc-te-to-chuc-an-ninh-mang-canh-bao-cac-trang-web-co-the-bi-dong-khi-php-chuan-bi-ban-va-loi-quan-trong.1290760/ | E11: 75 | F11: 77 | G11: [3 Ung] @Doores: mấy anh mảng web bên Nhật giờ chắc đang khóc thét. Một đám thi nhau rút phích | H11: [3 Ung] @Doores: pixiv rút phích rồi thím | I11: [3 Ung] @afavour: tủ lạnh ko thấy có động thái gì, chắc đang sỏi thận | J11: [3 Ung] @Van Huong: Lỗi này không mitigate được. Chỉ có chờ PHP release bản mới. Lỗi thuộc RCE mà CVE xếp hạng 9.4 nữa. Nên an toàn nhất là rút phích cmnr via theNEXTvoz for iPhone | K11: [3 Ung] @Van Huong: Nếu thật sự vậy thì mình không đánh giá cao Vì exploit được công khai ngay lập tức và không báo cho PHP foundation. Dẫn tới việc 2 vulnerabilities này thành zero day Ảnh hưởng khá lớn via theNEXTvoz for iPhone | L11: [3 Ung] @Doores: Không biết có phải gốc VN không nhưng có ông nào đấy trên X đang bị chửi như cờ hó vì leak lỗi | M11: [3 Ung] @Tewi3k: Đại thảm sát | N11: [3 Ung] @kienthuc: Xenforo cũng PHP luôn. | O11: [3 Ung] @motophankhoilon: Nguyên cục backend, db, rồi chưa kể plugin tùm lum Muốn làm là làm sao bạn Phải có lộ trình migrate và có đủ resource để làm k | P11: [3 Ung] @Tàn Dương Cô Lữ: Nghe đồn là do thằng trên X tìm ra CVE gì đấy nghiêm trọng Cái vấn đề là CVE gì đấy nó có quy định rằng lỗ hổng thì phải chờ 16 tiếng hay sao ấy mới được public, để người ta còn có thời gian vá. Nhưng thằng đấy đó đăng hết lên X nên giờ phải cuống cuồng rút phích, các cháu hacker lord thì được dịp test Nãy có để ý cái post đó (có community note) và chửi thằng đó quá trời mà quên lưu lại. | Q11: [3 Ung] @afavour: Lịch trình công bố thông tin có trách nhiệm​ Ngày 19 tháng 8 năm 2026: Wiz Research phát hiện ra lỗ hổng PHP đầu tiên bằng cách sử dụng Wiz Atlas, Gemini 4 Argon và GPT-5.6 Sol. Ngày 20 tháng 8 năm 2026: Lỗ hổng thực thi mã từ xa không cần xác thực được xác nhận đối với Drupal. Ngày 21 tháng 8 năm 2026: Lỗ hổng thực thi mã từ xa không cần xác thực đã được xác nhận đối với WordPress. Ngày 24 tháng 8 năm 2026: Wiz Research báo cáo các lỗ hổng cho nhóm bảo mật PHP. Ngày 21 tháng 9 năm 2026: PHP ghi nhận các báo cáo và bắt đầu phát triển giải pháp khắc phục phối hợp. Ngày 21 tháng 10 năm 2026: Các bản phát hành PHP đã được vá lỗi sẽ có sẵn. Ngày 21 tháng 10 năm 2026: Công bố thông tin. Lỗ hổng được phát hiện từ tận 2 tháng trước rồi. Nhưng tại sao chúng nó cố tình tạo drama to như này thì có giời mới biết. Tôi ngửi thấy có mùi âm mưu ở đâu đây | R11: [3 Ung] @Toc Hong: Đây mới là lúc dev lên ngôi Chứ mấy thằng vibe coding thì biết cái quần què gì đâu. | S11: [3 Ung] @LeJesus: Thớt nào về AI tôi cũng chỉ có 1 câu. Ai chịu trách nhiệm. Các mảng vô thưởng vô phạt, làm game tự thẩm du thì AI là bố. Có lỗ hổng thì kệ mẹ nó, cùng lắm rút phích. Đụng tới những cái cần có trách nhiệm, thì AI cũng là tool thôi, phải qua người thật duyệt hết. Cty cũ tôi làm thiết bị công nghiệp, có lần bị 1 cái bug thôi mà chi phí triệu hồi sản phẩm gần 5 tỏi. | T11: [3 Ung] @Cơm nguội: Đội ơn voz, nhờ thói quen “lướt tí voz” trước khi ngủ đã làm tôi phải bật dậy đi stop server và báo cho mấy sếp via theNEXTvoz for iPhone | U11: [3 Ung] @iamlordvoldemort: Khai thác khó bỏ mịa, thử từng chiều đến giờ vẫn không được trên môi trường thực tế, lab thì làm được Chả bằng cái cve drupal làm mưa làm gió năm nào. Viết được script python khai thác hàng loạt | V11: [2 Ung] @Toler111: Jap trum` php laravel | W11: [2 Ung] @c_breaker: https://twitter.com/x/status/2112855731385106738 | X11: [2 Ung] @Doores: toàn bộ tựa của cygames rút phích hết, Sony rút phích của Madoka và customer service của FGO, NTD rút online service của Switch và Pokemon | Y11: [2 Ung] @Cá Diếc đây: Mũ trắng thì nó theo luật. Còn mũ đen nó thích là nó public ai cấm | Z11: [2 Ung] @Tewi3k: 9h tối voz vẫn chưa đóng
A12: 11 | B12: Công ty của kỹ sư người Việt phát hiện "lỗ hổng" đe dọa 70% website toàn cầu | C12: https://dantri.com.vn/kinh-doanh/cong-ty-cua-ky-su-nguoi-viet-phat-hien-lo-hong-de-doa-70-website-toan-cau-20261022003337790.htm | D12: https://voz.vn/t/cong-ty-cua-ky-su-nguoi-viet-phat-hien-lo-hong-de-doa-70-website-toan-cau.1290969/ | E12: 40 | F12: 27 | G12: [3 Ung] @Chế Xọ: Hóa ra lỗ hỏng này do anh Thái tìm ra ah Ngưỡng mộ ghê Trình xịn khác hẳn với thằng Pờ Cờ suốt ngày lên MXH sủa bậy | H12: [3 Ung] @kiem_bo: A Thái này nhớ k nhầm là kì cựu của hvaonline thì phải Còn thread trò chuyện với newbie dành cho ai làm hacker nhập môn | I12: [3 Ung] @Janus: Anh Thái này cũng batman vs chó đệ phết đấy nhưng ông ấy rạch ròi việc công việc tư, VN cần thì mời ông ấy vẫn qua làm việc. Giỏi quá bọn cán bụ cũng phải nể. | J12: [3 Ung] @handsomejack: Calif mấy nay tung ra 2 thứ rung chuyển cả thế giới là PHP này và jailbreak IOS mới. Resoect | K12: [2 Ung] @WoodyTheEvil: nhắc Híu Pê Cê chỉ bẩn tai | L12: [1 Ung] @dung hong kia nick tao: tôi đọc tit coment 1 là ông Diêu 2 là ông Thái ngọc dương via theNEXTvoz for iPhone | M12: [1 Ung] @Doores: nhân viên của anh Thái | N12: [1 Ung] @Lê Thị Kiều Diễm: Trình giỏi k gáy, ai như thằng vất sục híu pê cê gáy to mõm | O12: [1 Ung] @Luizions: Cty cũ mình trước cũng thuê bên này làm pen tests, khá là nice | P12: [1 Ung] @Sườn xào chua ngọt: Kèo thối thì người việt dc chuyển hộ khẩu online, tặng thêm coca chả giò Kèo thơm thì... | Q12: [1 Ung] @Ní nuận 3 xu: Anh Dương Ngọc Thái vừa ca hay vừa giỏi về bảo mật | R12: [1 Ung] @haihoang267: nhưng a vẫn viết bằng tiếng Việt mà đọc bài a Thái từ ngày xưa vui vl, cứ tưng tửng, đúng là người giỏi đèo sợ bố con thằng nào | S12: [1 Ung] @Zeb@12: Cập nhật lại đi fen, anh viết lại 2 3 bài rồi đó | T12: [1 Ung] @haihoang267: đọc cả trước thời a Thái chuyển qua substack nữa thím, mấy vụ được mời về hội nghị họp với các nghị gật ấy | U12: [1 Ung] @superclone2025: Vozer mà fence còn lạ à, tự đặt mình ngang hàng với top1 để chửi tất cả những thằng còn lại là ngu này nọ các kiểu, thế mới không sợ bị hố, đồng thời tập trung mũi dùi vào người khác. Với tôi mỗi thằng có 1 nhiệm vụ khác nhau, 1 thằng giỏi làm thật 1 thằng làm ít nhưng mang tính chất tuyên truyền tạo động lực, nó ko phải top server nhưng vẫn đủ kiến thức để trao đổi, thêm tý văn phong nhà nước vào thì cảnh báo nó vẫn có giá trị hơn là cho mấy thằng áo vàng áo xanh lên đọc vẹt.
A13: 12 | B13: Cửa sổ 'dân số vàng': Cơ hội lịch sử không lặp lại | C13: https://thanhnien.vn/cua-so-dan-so-vang-co-hoi-lich-su-khong-lap-lai-185261010202220972.htm | D13: https://voz.vn/t/cua-so-dan-so-vang-co-hoi-lich-su-khong-lap-lai.1291005/ | E13: 31 | F13: 22 | G13: [3 Ung] @quansumk: người đẻ, chứ đất có đẻ bao giờ | H13: [3 Ung] @Honekawa Suneo: đẻ đi để mấy cháu còn đăng kí hiến bộ lòng nữa | I13: [3 Ung] @BNHP: Đất không đẻ nhưng nhà đẻ, 1 cái mảnh nó trồng 100 tầng lên thì tha hồ nhà | J13: [3 Ung] @MacAkimbo: Trẻ con thì hiến bộ lòng mề Có tuổi hơn tí nữa đi xklđ hiến sức lao động kiếm ngoại tệ Lớn tuổi về già thì hiến đất quy hoạch Nó lại gọi là chu trình khép kín vl ra | K13: [3 Ung] @man law: thế hệ vàng như gặp hlv óc chó thì cũng cút | L13: [3 Ung] @nguyenchanhiep: Không biết vozer nào 9x đời đầu có cảm giác giống tui không? Cảm giác bị mắc kẹt thế đéo nào ấy. Mặc dù công việc ổn định, có nhà riêng, ngoại hình ổn nhưng nói để lập gia đình, đẻ con đẻ cái chuyển sang trang mới thì đéo dám. Nên giờ quen chơi chơi, spa massage chủ yếu giải quyết nhu cầu sinh lý. | M13: [1 Ung] @Mr.coong: à thì Không đẻ: Chưa giàu đã già. Đẻ: Chưa già đã nghèo | N13: [1 Ung] @fearless1: Khởi tố đối tượng vozer nằm thẳng | O13: [1 Ung] @sangbuif: đẻ đi còn nuôi cậu K | P13: [1 Ung] @miifenka: Thì ra là thế
A14: 13 | B14: (Dịch) Tại sao nhiều khả năng chúng ta đang sống trong một đa vũ trụ | C14: https://www.scientificamerican.com/article/why-we-probably-live-in-a-quantum-multiverse/ | D14: https://voz.vn/t/dich-tai-sao-nhieu-kha-nang-chung-ta-dang-song-trong-mot-da-vu-tru.1290862/ | E14: 48 | F14: 30 | G14: [3 Ung] @Sir_KOS_1: Bài dài vl thế này, khoa học cơ bản chưa bao giờ là thế mạnh của Voz, và chưa bao giờ là thế mạnh của người VN. | H14: [3 Ung] @lac332211: Vũ trụ này chán òm, ko có rồng, ko có phép thuật, ko có elf/orc | I14: [3 Ung] @legend1992: Ở một vũ trụ nào đó tôi trúng vietlott và húp thật nhiều múi mít Được gửi từ myVOZ Next trên Nokia 110i | J14: [3 Ung] @cuongtmu: Thì liên quan gì tới ông ở vũ trụ này via theNEXTvoz for iPhone | K14: [3 Ung] @Kurt...Cobain: Thấy ảo nhất là cái deja vu, mịa rõ ràng là tình huống này xảy ra rồi mình còn đoán biết trước đc cơ | L14: [2 Ung] @cuongtmu: Tại sao lại chọn 3h00 sáng post bài vậy, ko ngủ được à via theNEXTvoz for iPhone | M14: [2 Ung] @Entwickler: muốn đa vũ trụ tồn tại thì trước hết phải chứng minh đc con người có thể quay về quá khứ. Vì 2 thứ quan trọng nhất trong những cái giả thuyết lquan đến vũ trụ và thực thể trên đời sống này là không gian và thời gian. Và vì hiện tại mấy cái vấn đề nãy vẫn là khoa học viễn tưởng nên bất kì giả thuyết vật lý hay phi vật lý vào cũng đều có thể áp đặt được. Nhưng t đọc đâu đó khá nhiều là về mặt khả thi thì bình thường thời gian sẽ luôn chạy trên 1 trục tuyến tính (linear). Dù con ng có thể quay về quá khứ thì cái quá khứ đấy vẫn là của cái người đấy, chứ ko có chuyện giống mấy cái kiểu Grandfather paradox (kiểu m về giết ông nội thì m ko đc sinh ra và nếu m ko sinh ra thì ông nội vẫn sống v.v). Nên đa vũ trụ sẽ ko tồn tại được. Phần này nếu ai hay tìm hiểu về thuyết tương đối của Einstein thì sẽ biết mọi vật chất đều có tính tương đối, kể cả thời gian, tức là, thời gian… | N14: [2 Ung] @tuantiu105: SIÊU TÓM TẮT bài báo | O14: [1 Ung] @Lisandro Martínez: Lấy Nô kỉa 110i phang vô đầu để kích hoạt cổng không gian via theNEXTvoz for iPhone | P14: [1 Ung] @Bác thằng Thiên v1: Quan trọng là cũng ko có cả nhà | Q14: [1 Ung] @yeu_manga: Xem phim này cũng muốn sang vũ trụ khác để sống thì cái khó nhất lam sao để có giấy tờ tùy thân của vũ trụ đó để sống | R14: [1 Ung] @Tom Freemen: Truck kun hân hạnh tài trợ chương trình này Sent from samsung SM-G781B via VOZVNApp | S14: [1 Ung] @kakashi33: Não chẳng qua chỉ là bộ phận thu sóng tín hiệu vũ trụ thôi Nên bị nhiễu là bình thường | T14: [1 Ung] @khamvat2913: t chỉ cần mua lại đc tuổi thơ thôi chứ đa vũ trụ con kẹc
A15: 14 | B15: Trường phát thông báo khẩn cảnh báo: Sinh viên bị xe khách chở đến gần khu vực biên giới Campuchia | C15: https://tuoitre.vn/truong-phat-thong-bao-khan-canh-bao-sinh-vien-bi-xe-khach-cho-den-gan-khu-vuc-bien-gioi-campuchia-100261022112313459.htm | D15: https://voz.vn/t/truong-phat-thong-bao-khan-canh-bao-sinh-vien-bi-xe-khach-cho-den-gan-khu-vuc-bien-gioi-campuchia.1290997/ | E15: 27 | F15: 13 | G15: [3 Ung] @hainguyen0805: cái dm, mang tiếng là đàn anh nó, dân trí cao hơn nó mà đéo mẹ để nó qua tận nhà làm 3 cái chuyện như trên phim, | H15: [2 Ung] @Chuoi18_chính_chủ: sao vậy được nhỉ chuyện cú tưởng như đùa | I15: [1 Ung] @Hư Không Vô Diện: Vđ tưởng chỉ có trên phim | J15: [1 Ung] @Newbieeee: bắn ngay tại chỗ bọn buôn người cho chúng nó sợ | K15: [1 Ung] @Paranexus 3: Vãi vozer, từ vụ ngập lụt bị điện giật chết suy luận tđn qua buôn người hay vậy | L15: [1 Ung] @checkmate2022: Có tờ giấy tự nguyện hiến tạng trên người nữa thì cười ẻ | M15: [1 Ung] @tuanhung: Biên với scambodia/lào nên thoả thuận phân mốc cho nhanh rồi rào lại như biên với tàu ấy | N15: [1 Ung] @kun_mr.liar6: thất tín tranh công vụ 2 thằng sad sẩu bên đó nên giờ cô lan cam nó đéo thèm hợp tác nữa quá. sau vụ đó kêu truyền thông ém liền, tin tức ko lên nữa luôn | O15: [1 Ung] @KacaLot: có vài cửa khẩu qua cam nó như cái bờ ruộng đó (khu tân hóa long an), đứng bên vịt là đái được sang nước nó, còn đi đường đàng hoàng tất nhiên cửa khẩu rõ ràng
A16: 15 | B16: Đất có nhà 20 năm bồi thường 72.000 đồng/m2; chung cư tăng từ 12 lên 90 triệu/m2 | C16: https://vietnamnet.vn/dat-co-nha-20-nam-boi-thuong-72-000-dong-m2-chung-cu-tang-tu-12-len-90-trieu-m2-2565872.html | D16: https://voz.vn/t/dat-co-nha-20-nam-boi-thuong-72-000-dong-m2-chung-cu-tang-tu-12-len-90-trieu-m2.1290690/ | E16: 51 | F16: 34 | G16: [3 Ung] @bhp123: 72.000 đồng/m2 => đất nông nghiệp 1041 * 72000 = 74,952,000 => đủ tiền trọ 1 năm Không biết có tái định cư gì không, nhưng trước mắt bà T mất 1041 m2 đất và 2 tỏi tiền nhà. Cơ mà đền bù cỡ nào thì bà T cũng lỗ sặc máu. | H16: [3 Ung] @Thích thêm RAM: Đất nông nghiệp không có mét đất ở nào mà cũng dám bỏ 2 tỏi xây nhà, hảo hán | I16: [3 Ung] @yozdean: đất nông nghiệp thì làm gì có tđc, đất ở cho nhận tđc có khi còn không đủ tiền bù vào | J16: [3 Ung] @bhp123: Case này đúng kiểu 3 đời tích sản bị phát về Mo luôn. | K16: [3 Ung] @khonghieusaobaymatcainick: Cả cái VN này có chỗ nào dc gọi là "sở hữu"? | L16: [3 Ung] @AnkCern: 20-30 năm nữa, các dự án chung cư xây từ 200x sẽ tạo ra một đợt drama mới. Lúc đấy mới thực sự biết kết cục của việc mua cc là gì? Còn hiện tại, mọi thứ mập mờ thì các tập đoàn bđs vẫn ăn nên làm ra. | M16: [2 Ung] @chimtokolochetdoi: Giờ ng ta cũng nhận ra rồi a, cc ở âu mẽo hay hàn nhật xây 40-50 năm còn thấy ngon, mẹ cái cc cao cấp gì ở ở sg ấy xây 200x tới giờ chắc gần 20 năm mà nhìn thấy gớm, mé , ai rảnh tiền mua cc nghĩ xài dc trên 30 năm tôi cũng ạ Tiền đó mua mẹ nhà đất ở xa tí, còn tiện ích thì cho có chứ mấy khi mà dùng, muốn thì mua vé tháng phòng gym hồ bơi xịn xò ngon hơn không? Méo hiểu nghĩ gì? Còn bbq thì thôi ra ngoài ăn thịt nướng đẩy mồm còn hơn | N16: [2 Ung] @TITANVN: 2012 ko biết nhưng hồi 2009 nhà mình mua căn 141 Trương Định 100m2 là 1 tỷ 7. 2011 bán lại cho bà cô họ cũng ở ngay chung cư đấy 2 tỷ hay 2 tỷ 2 ấy. Nhớ mang máng là vậy vì hồi đấy mẹ mình buôn bán là chính, mình mới học xong biết gì đâu Gửi từ vivo V2405A bằng VOZVNApp | O16: [2 Ung] @Laibibanlannua: Case này còn ngu hơn cơ a. Phần đất nông nghiệp có xây đéo gì đâu. Cái nhà là xây trên phần đất chiếm dụng của xã quản lý,’còn éo phải đất thuộc cái nhà này quản lý cơ. | P16: [1 Ung] @kekoten123: Đúng là thời thế thay đổi, trước đó không có dự án tự hào có vài tỷ dưỡng già | Q16: [1 Ung] @ntkchy55: nếu đất nông nghiệp thật thì ai gọi là tích sản. trồng trọt cày cấy trên đấy thôi chứ vẫn là đất thuê. tiếc là thời trước lên thổ cư dễ hơn mà ko chịu làm để lên sổ thôi. chưa kể trong 1000m thì có 200m là lấn chiếm đất của uỷ ban. | R16: [1 Ung] @trunghq: Dựng cái lán như trên núi. 2t bỏ bank bao năm cũng ấm. Y chang đội ngoài đê chỗ tôi. Ko sổ xây nhà cao cửa rộng mua ô tô to. | S16: [1 Ung] @boychuoitau: Không thấy khác chỗ nào | T16: [1 Ung] @DreamingFighter: Nhà Times City mới ra giá 30tr, cùng lúc đó tôi có người quen mua nhà Đại Thanh (gần Văn Điển) giá 10tr | U16: [1 Ung] @microvn2012: Chắc cỡ 1x -2x tùy tòa. | V16: [1 Ung] @Vô lỗ đi mi dê lên sờ ti: Theo phương án được phê duyệt, trong tổng diện tích 1.041m2, chỉ 804m2 được tính bồi thường về đất. Phần diện tích 237m2 còn lại được xác định là đất do UBND xã quản lý. VCL 1.041m2 nhưng 804m2 là đất nông nghiệp, đất 237m2 là đất lần chiếm mà dám xây nhà lên ở bao nhiêu năm nó chưa phạt thêm cho là may vcl rồi ấy chứ còn muốn đền như thổ cư á
A17: 16 | B17: Hải Phòng: Tạm đình chỉ 2 nhóm học sinh liên quan vụ nam sinh 16 tuổi bị đánh tử vong để phục vụ điều tra | C17: https://tienphong.vn/hai-phong-tam-dinh-chi-2-nhom-hoc-sinh-lien-quan-vu-nam-sinh-16-tuoi-bi-danh-tu-vong-de-phuc-vu-dieu-tra-post1886999.tpo | D17: https://voz.vn/t/hai-phong-tam-dinh-chi-2-nhom-hoc-sinh-lien-quan-vu-nam-sinh-16-tuoi-bi-danh-tu-vong-de-phuc-vu-dieu-tra.1290930/ | E17: 10 | F17: 9 | G17: [3 Ung] @17013105: Sau có con tôi cứ dạy n bị đánh thì đánh lại, căng quá thì chạy | H17: [2 Ung] @ghostlab: Mới 16 tuổi đầu mà nông nổi ra tay với nhau thế này, xót xa cho gia đình nạn nhân quá... | I17: [2 Ung] @giayasics: ae tao đông,chạy đi đâu, hẹ hẹ | J17: [1 Ung] @danglinh3009: Tôi thì cho con nó tiền tiêu. Không phải đi học nữa. | K17: [1 Ung] @17013105: kẻ mạnh nhất phải là kẻ đứng vững giữa đám đôn
A18: 17 | B18: (Ả Rập Xê Út) Houthi dồn dập tập kích, Mỹ rút nhân viên ngoại giao khỏi Ả rập Xê út | C18: https://dantri.com.vn/the-gioi/houthi-don-dap-tap-kich-my-rut-nhan-vien-ngoai-giao-khoi-a-rap-xe-ut-20261022073806309.htm | D18: https://voz.vn/t/a-rap-xe-ut-houthi-don-dap-tap-kich-my-rut-nhan-vien-ngoai-giao-khoi-a-rap-xe-ut.1291019/ | E18: 7 | F18: 1 | G18: [1 Ung] @Nike CEO: nhờ Trump mà Trung Đông nát như tương bần
A19: 18 | B19: Jackpot Vietlott hơn 156,7 tỉ đồng chờ chủ nhân trong kỳ quay tối nay | C19: https://laodong.vn/ldt/tin-tuc/jackpot-vietlott-hon-1567-ti-dong-cho-chu-nhan-trong-ky-quay-toi-nay-1784508.ldo | D19: https://voz.vn/t/jackpot-vietlott-hon-156-7-ti-dong-cho-chu-nhan-trong-ky-quay-toi-nay.1290446/ | E19: 32 | F19: 7 | G19: [2 Ung] @Paradas: Tặng 1 btc cho 1 fence ngẫu nhiên trong thớt này nếu hôm nay tôi trúng jackpot lotto max canada | H19: [1 Ung] @Tony Pham 59: thế nên cái này là game may mắn, chứ không phải game dùng tiền nhiều mà thắng được | I19: [1 Ung] @Yolo22_3: Xếp hàng, xếp hàng | J19: [1 Ung] @Minh béo 1969: Comment số yêu thích của các thým đi em gọi lại đánh. Trúng thì e chia cho các thým cái nịt. 52 | K19: [1 Ung] @Yolo22_3: Trúng rồi Trúng rồi ae ơi.
A20: 19 | B20: Hà Nội vào mùa kiến ba khoang, cảnh báo sai lầm khiến da tổn thương nặng | C20: https://dantri.com.vn/suc-khoe/ha-noi-vao-mua-kien-ba-khoang-canh-bao-sai-lam-khien-da-ton-thuong-nang-20261022091909262.htm | D20: https://voz.vn/t/ha-noi-vao-mua-kien-ba-khoang-canh-bao-sai-lam-khien-da-ton-thuong-nang.1291025/ | E20: 5 | F20: 1 | G20: [1 Ung] @NamLong0201: @Kiến Ba Khoan͏g
A21: 20 | B21: Diện mạo Quốc học Huế sau 130 năm | C21: https://tienphong.vn/de-xuat-xep-hang-18-di-tich-o-hue-post1829157.tpo | D21: https://voz.vn/t/dien-mao-quoc-hoc-hue-sau-130-nam.1291029/ | E21: 0 | F21: 1
